Time,Read,A1,A2,A3,A4,A5,A6,A7,A8,A9,A10,A11,A12,A13,A14,A15,A16,A17,A18,A19,A20,A21,A22,A23,A24,B1,B2,B3,B4,B5,B6,B7,B8,B9,B10,B11,B12,B13,B14,B15,B16,B17,B18,B19,B20,B21,B22,B23,B24,C1,C2,C3,C4,C5,C6,C7,C8,C9,C10,C11,C12,C13,C14,C15,C16,C17,C18,C19,C20,C21,C22,C23,C24,D1,D2,D3,D4,D5,D6,D7,D8,D9,D10,D11,D12,D13,D14,D15,D16,D17,D18,D19,D20,D21,D22,D23,D24,E1,E2,E3,E4,E5,E6,E7,E8,E9,E10,E11,E12,E13,E14,E15,E16,E17,E18,E19,E20,E21,E22,E23,E24,F1,F2,F3,F4,F5,F6,F7,F8,F9,F10,F11,F12,F13,F14,F15,F16,F17,F18,F19,F20,F21,F22,F23,F24,G1,G2,G3,G4,G5,G6,G7,G8,G9,G10,G11,G12,G13,G14,G15,G16,G17,G18,G19,G20,G21,G22,G23,G24,H1,H2,H3,H4,H5,H6,H7,H8,H9,H10,H11,H12,H13,H14,H15,H16,H17,H18,H19,H20,H21,H22,H23,H24,I1,I2,I3,I4,I5,I6,I7,I8,I9,I10,I11,I12,I13,I14,I15,I16,I17,I18,I19,I20,I21,I22,I23,I24,J1,J2,J3,J4,J5,J6,J7,J8,J9,J10,J11,J12,J13,J14,J15,J16,J17,J18,J19,J20,J21,J22,J23,J24,K1,K2,K3,K4,K5,K6,K7,K8,K9,K10,K11,K12,K13,K14,K15,K16,K17,K18,K19,K20,K21,K22,K23,K24,L1,L2,L3,L4,L5,L6,L7,L8,L9,L10,L11,L12,L13,L14,L15,L16,L17,L18,L19,L20,L21,L22,L23,L24,M1,M2,M3,M4,M5,M6,M7,M8,M9,M10,M11,M12,M13,M14,M15,M16,M17,M18,M19,M20,M21,M22,M23,M24,N1,N2,N3,N4,N5,N6,N7,N8,N9,N10,N11,N12,N13,N14,N15,N16,N17,N18,N19,N20,N21,N22,N23,N24,O1,O2,O3,O4,O5,O6,O7,O8,O9,O10,O11,O12,O13,O14,O15,O16,O17,O18,O19,O20,O21,O22,O23,O24,P1,P2,P3,P4,P5,P6,P7,P8,P9,P10,P11,P12,P13,P14,P15,P16,P17,P18,P19,P20,P21,P22,P23,P24
0.033,OD600,1.012,0.796,0.428,0.361,0.25,0.237,0.146,0.164,1.358,0.879,0.481,0.382,0.251,0.203,0.16,0.159,0.094,0.093,0.096,0.095,0.095,0.09,0.095,0.096,1.277,0.8,0.488,0.374,0.258,0.196,0.152,0.126,0.861,0.594,0.397,0.345,0.244,0.175,0.144,0.118,0.094,0.093,0.096,0.094,0.102,0.094,0.094,0.103,0.085,0.096,0.088,0.089,0.088,0.095,0.09,0.091,0.089,0.095,0.09,0.089,0.09,0.09,0.088,0.089,0.09,0.129,0.089,0.098,0.09,0.088,0.094,0.103,0.085,0.088,0.091,0.126,0.089,0.088,0.089,0.09,0.092,0.099,0.091,0.09,0.092,0.093,0.091,0.091,0.095,0.094,0.091,0.089,0.089,0.094,0.09,0.142,0.086,0.093,0.089,0.091,0.09,0.089,0.094,0.09,0.092,0.091,0.091,0.101,0.096,0.091,0.09,0.094,0.093,0.095,0.094,0.089,0.094,0.09,0.091,0.103,0.086,0.089,0.087,0.088,0.09,0.09,0.089,0.091,0.091,0.089,0.09,0.09,0.089,0.092,0.097,0.093,0.091,0.099,0.09,0.092,0.087,0.092,0.099,0.11,0.091,0.11,0.093,0.128,0.09,0.09,0.088,0.096,0.09,0.13,0.091,0.088,0.09,0.09,0.108,0.093,0.091,0.091,0.096,0.109,0.091,0.09,0.103,0.1,0.088,0.126,0.095,0.092,0.089,0.092,0.093,0.089,0.09,0.095,0.091,0.094,0.089,0.098,0.09,0.09,0.092,0.088,0.09,0.094,0.097,0.101,0.116,0.107,0.087,0.134,0.09,0.096,0.125,0.089,0.089,0.101,0.089,0.089,0.097,0.089,0.09,0.09,0.092,0.088,0.089,0.089,0.091,0.09,0.092,0.092,0.093,0.092,0.086,0.09,0.09,0.101,0.089,0.09,0.09,0.1,0.093,0.095,0.088,0.095,0.092,0.091,0.088,0.092,0.09,0.091,0.09,0.09,0.09,0.09,0.088,0.124,0.093,0.088,0.088,0.088,0.089,0.09,0.088,0.09,0.092,0.097,0.087,0.098,0.088,0.088,0.087,0.088,0.088,0.088,0.095,0.093,0.087,0.087,0.088,0.145,0.086,0.088,0.086,0.097,0.088,0.092,0.091,0.087,0.088,0.092,0.087,0.087,0.088,0.089,0.088,0.094,0.088,0.085,0.089,0.087,0.088,0.087,0.09,0.09,0.106,0.088,0.091,0.088,0.091,0.091,0.088,0.088,0.088,0.09,0.094,0.086,0.086,0.097,0.089,0.087,0.089,0.088,0.089,0.086,0.086,0.087,0.087,0.087,0.088,0.103,0.086,0.107,0.087,0.086,0.088,0.089,0.087,0.089,0.089,0.09,0.087,0.087,0.097,0.087,0.097,0.095,0.088,0.086,0.088,0.088,0.088,0.098,0.101,0.096,0.091,0.087,0.089,0.094,0.092,0.09,0.088,0.09,0.091,0.091,0.087,0.091,0.09,0.09,0.089,0.087,0.087,0.09,0.087,0.091,0.087,0.095,0.094,0.134,0.091,0.087,0.089,0.099,0.096,0.087,0.089,0.087,0.095,0.098,0.09,0.151,0.089,0.088,0.088,0.091,0.101,0.089,0.089,0.088,0.09,0.093
0.075,OD600,1.025,0.879,0.449,0.378,0.269,0.235,0.156,0.173,1.421,0.906,0.501,0.392,0.266,0.213,0.168,0.173,0.095,0.094,0.096,0.095,0.095,0.091,0.095,0.096,1.327,0.871,0.503,0.382,0.269,0.204,0.16,0.131,0.88,0.647,0.428,0.379,0.274,0.2,0.161,0.132,0.095,0.094,0.096,0.094,0.101,0.094,0.094,0.103,0.086,0.098,0.089,0.09,0.089,0.095,0.091,0.092,0.09,0.096,0.092,0.09,0.091,0.091,0.088,0.089,0.091,0.13,0.09,0.099,0.092,0.091,0.096,0.107,0.085,0.089,0.092,0.146,0.089,0.089,0.09,0.091,0.093,0.1,0.092,0.091,0.093,0.094,0.093,0.093,0.096,0.096,0.092,0.09,0.091,0.095,0.091,0.142,0.086,0.096,0.09,0.093,0.091,0.091,0.096,0.092,0.095,0.094,0.094,0.104,0.098,0.093,0.093,0.097,0.096,0.097,0.098,0.092,0.096,0.092,0.094,0.104,0.087,0.089,0.088,0.088,0.09,0.091,0.089,0.091,0.092,0.09,0.091,0.091,0.09,0.093,0.097,0.093,0.091,0.105,0.09,0.098,0.088,0.096,0.1,0.112,0.093,0.135,0.094,0.142,0.091,0.091,0.089,0.097,0.091,0.163,0.092,0.089,0.091,0.091,0.109,0.094,0.093,0.092,0.097,0.114,0.092,0.091,0.106,0.101,0.088,0.128,0.096,0.094,0.09,0.092,0.094,0.089,0.09,0.095,0.105,0.094,0.09,0.099,0.091,0.09,0.093,0.089,0.09,0.095,0.097,0.103,0.12,0.108,0.088,0.135,0.092,0.099,0.127,0.091,0.091,0.102,0.09,0.09,0.13,0.09,0.091,0.092,0.094,0.09,0.09,0.091,0.09,0.092,0.094,0.094,0.095,0.095,0.086,0.091,0.092,0.103,0.091,0.092,0.091,0.102,0.094,0.096,0.09,0.097,0.093,0.093,0.089,0.093,0.091,0.092,0.091,0.092,0.091,0.091,0.089,0.127,0.094,0.088,0.089,0.089,0.089,0.09,0.088,0.09,0.093,0.097,0.088,0.096,0.088,0.088,0.087,0.088,0.088,0.088,0.095,0.093,0.087,0.087,0.088,0.148,0.087,0.089,0.086,0.097,0.088,0.092,0.091,0.087,0.088,0.093,0.087,0.087,0.088,0.09,0.088,0.094,0.089,0.085,0.089,0.087,0.088,0.087,0.09,0.09,0.106,0.088,0.092,0.088,0.091,0.092,0.088,0.086,0.088,0.09,0.095,0.086,0.087,0.097,0.09,0.087,0.089,0.088,0.089,0.086,0.086,0.087,0.087,0.088,0.089,0.104,0.086,0.107,0.087,0.086,0.088,0.089,0.087,0.089,0.089,0.09,0.087,0.087,0.097,0.087,0.097,0.095,0.088,0.086,0.088,0.088,0.088,0.102,0.101,0.096,0.091,0.087,0.089,0.094,0.092,0.09,0.089,0.09,0.091,0.092,0.087,0.091,0.091,0.09,0.089,0.088,0.087,0.09,0.087,0.092,0.087,0.096,0.095,0.097,0.092,0.087,0.089,0.1,0.097,0.087,0.089,0.088,0.096,0.098,0.091,0.152,0.09,0.089,0.098,0.091,0.102,0.089,0.09,0.088,0.092,0.093
0.117,OD600,1.039,0.894,0.466,0.388,0.277,0.217,0.16,0.174,1.484,0.939,0.518,0.396,0.273,0.22,0.173,0.179,0.095,0.094,0.096,0.095,0.096,0.091,0.095,0.096,1.372,0.913,0.534,0.394,0.283,0.211,0.165,0.135,0.925,0.692,0.449,0.401,0.288,0.208,0.169,0.137,0.094,0.094,0.096,0.094,0.101,0.094,0.094,0.103,0.086,0.1,0.09,0.091,0.09,0.095,0.093,0.094,0.091,0.097,0.092,0.091,0.092,0.092,0.089,0.09,0.092,0.131,0.091,0.1,0.094,0.093,0.098,0.113,0.085,0.09,0.093,0.152,0.091,0.09,0.092,0.093,0.096,0.102,0.095,0.094,0.096,0.097,0.095,0.096,0.099,0.098,0.095,0.092,0.093,0.098,0.094,0.143,0.087,0.1,0.092,0.096,0.095,0.094,0.102,0.097,0.1,0.099,0.099,0.108,0.104,0.099,0.098,0.103,0.104,0.104,0.109,0.099,0.103,0.1,0.102,0.105,0.087,0.09,0.088,0.089,0.091,0.092,0.09,0.092,0.093,0.091,0.092,0.093,0.091,0.094,0.098,0.095,0.092,0.108,0.091,0.102,0.088,0.094,0.102,0.113,0.093,0.146,0.096,0.147,0.094,0.094,0.092,0.098,0.092,0.176,0.094,0.09,0.092,0.093,0.111,0.096,0.096,0.095,0.1,0.117,0.094,0.093,0.11,0.102,0.088,0.13,0.098,0.096,0.093,0.095,0.096,0.09,0.091,0.096,0.091,0.096,0.091,0.1,0.092,0.092,0.095,0.091,0.093,0.097,0.099,0.105,0.124,0.109,0.088,0.14,0.096,0.103,0.132,0.096,0.096,0.104,0.093,0.093,0.174,0.093,0.093,0.095,0.097,0.093,0.093,0.095,0.094,0.096,0.097,0.097,0.099,0.097,0.087,0.092,0.095,0.106,0.095,0.096,0.095,0.105,0.097,0.099,0.093,0.099,0.096,0.095,0.092,0.095,0.094,0.096,0.094,0.095,0.095,0.095,0.092,0.13,0.094,0.089,0.089,0.089,0.089,0.09,0.088,0.091,0.093,0.097,0.088,0.097,0.089,0.088,0.088,0.088,0.089,0.088,0.095,0.093,0.087,0.087,0.088,0.147,0.087,0.089,0.087,0.097,0.088,0.092,0.091,0.087,0.088,0.093,0.087,0.087,0.088,0.09,0.088,0.094,0.088,0.085,0.089,0.089,0.088,0.094,0.09,0.09,0.107,0.088,0.092,0.088,0.091,0.092,0.088,0.086,0.088,0.09,0.095,0.086,0.087,0.097,0.09,0.087,0.089,0.088,0.089,0.086,0.086,0.087,0.088,0.088,0.089,0.104,0.086,0.107,0.087,0.087,0.088,0.089,0.087,0.089,0.089,0.09,0.087,0.087,0.098,0.087,0.097,0.095,0.088,0.086,0.088,0.088,0.089,0.102,0.101,0.096,0.092,0.087,0.09,0.094,0.092,0.091,0.089,0.09,0.091,0.092,0.088,0.092,0.091,0.091,0.089,0.088,0.088,0.09,0.088,0.092,0.088,0.096,0.095,0.097,0.092,0.088,0.089,0.1,0.099,0.087,0.09,0.089,0.096,0.098,0.092,0.152,0.09,0.089,0.098,0.092,0.103,0.089,0.093,0.088,0.093,0.095
0.158,OD600,1.05,0.936,0.472,0.394,0.28,0.219,0.163,0.171,1.55,0.989,0.519,0.406,0.279,0.226,0.177,0.184,0.096,0.094,0.096,0.096,0.096,0.092,0.095,0.096,1.422,0.929,0.564,0.417,0.301,0.216,0.169,0.138,0.931,0.729,0.473,0.416,0.3,0.217,0.175,0.143,0.095,0.094,0.096,0.094,0.101,0.095,0.094,0.103,0.086,0.104,0.092,0.094,0.093,0.097,0.095,0.095,0.091,0.097,0.093,0.092,0.094,0.094,0.091,0.093,0.095,0.136,0.094,0.103,0.098,0.096,0.104,0.118,0.086,0.092,0.095,0.157,0.093,0.093,0.095,0.097,0.1,0.106,0.1,0.098,0.101,0.102,0.099,0.1,0.104,0.102,0.099,0.096,0.098,0.103,0.1,0.145,0.087,0.106,0.098,0.104,0.104,0.101,0.114,0.107,0.113,0.112,0.113,0.122,0.117,0.114,0.113,0.121,0.125,0.122,0.138,0.116,0.121,0.121,0.122,0.105,0.087,0.091,0.089,0.09,0.092,0.093,0.092,0.094,0.094,0.093,0.093,0.095,0.093,0.095,0.1,0.096,0.094,0.111,0.092,0.105,0.09,0.098,0.106,0.114,0.094,0.157,0.1,0.152,0.098,0.098,0.096,0.1,0.095,0.183,0.097,0.093,0.095,0.097,0.115,0.101,0.102,0.1,0.107,0.121,0.098,0.099,0.119,0.101,0.089,0.133,0.101,0.098,0.096,0.099,0.099,0.092,0.093,0.099,0.092,0.098,0.093,0.102,0.095,0.096,0.098,0.094,0.097,0.102,0.103,0.111,0.133,0.109,0.088,0.148,0.105,0.114,0.141,0.105,0.108,0.11,0.1,0.101,0.24,0.1,0.099,0.102,0.106,0.102,0.099,0.105,0.105,0.108,0.107,0.108,0.111,0.098,0.087,0.093,0.1,0.115,0.104,0.105,0.102,0.11,0.102,0.107,0.1,0.106,0.102,0.102,0.099,0.101,0.101,0.105,0.101,0.105,0.105,0.106,0.102,0.132,0.094,0.089,0.089,0.089,0.089,0.09,0.088,0.091,0.093,0.097,0.088,0.097,0.089,0.088,0.088,0.088,0.089,0.089,0.095,0.094,0.088,0.087,0.088,0.148,0.087,0.089,0.087,0.097,0.088,0.092,0.091,0.087,0.088,0.093,0.087,0.087,0.088,0.09,0.088,0.094,0.088,0.085,0.09,0.09,0.088,0.094,0.091,0.09,0.107,0.088,0.092,0.088,0.091,0.092,0.088,0.086,0.089,0.09,0.095,0.086,0.087,0.097,0.091,0.087,0.089,0.088,0.09,0.086,0.086,0.087,0.088,0.088,0.089,0.105,0.086,0.107,0.087,0.087,0.088,0.089,0.087,0.089,0.089,0.09,0.087,0.087,0.098,0.087,0.097,0.095,0.089,0.086,0.088,0.088,0.089,0.102,0.102,0.096,0.092,0.087,0.09,0.095,0.092,0.091,0.089,0.09,0.092,0.092,0.088,0.092,0.091,0.091,0.089,0.088,0.088,0.09,0.088,0.093,0.088,0.098,0.096,0.098,0.093,0.088,0.09,0.101,0.1,0.087,0.09,0.089,0.096,0.098,0.092,0.152,0.091,0.089,0.104,0.093,0.103,0.09,0.094,0.089,0.093,0.096
0.200,OD600,1.064,0.928,0.478,0.404,0.28,0.219,0.165,0.165,1.595,0.996,0.524,0.412,0.283,0.228,0.18,0.187,0.096,0.094,0.096,0.096,0.096,0.092,0.095,0.096,1.452,0.946,0.558,0.437,0.306,0.22,0.172,0.14,0.929,0.736,0.489,0.434,0.306,0.225,0.181,0.148,0.095,0.095,0.096,0.094,0.101,0.098,0.095,0.103,0.087,0.116,0.097,0.1,0.099,0.101,0.097,0.095,0.092,0.097,0.093,0.092,0.098,0.097,0.096,0.099,0.102,0.15,0.101,0.112,0.107,0.109,0.123,0.125,0.086,0.094,0.097,0.16,0.096,0.096,0.098,0.102,0.106,0.111,0.105,0.103,0.107,0.111,0.105,0.108,0.113,0.107,0.106,0.103,0.105,0.115,0.113,0.146,0.087,0.117,0.11,0.123,0.124,0.118,0.142,0.13,0.141,0.138,0.143,0.155,0.15,0.148,0.144,0.165,0.172,0.164,0.19,0.162,0.17,0.169,0.17,0.105,0.09,0.092,0.09,0.091,0.093,0.094,0.094,0.096,0.096,0.095,0.095,0.099,0.095,0.098,0.104,0.099,0.098,0.116,0.095,0.109,0.093,0.103,0.115,0.114,0.093,0.165,0.106,0.158,0.105,0.106,0.105,0.106,0.102,0.19,0.104,0.1,0.101,0.105,0.123,0.111,0.115,0.109,0.122,0.128,0.107,0.113,0.141,0.101,0.089,0.14,0.107,0.106,0.105,0.108,0.108,0.097,0.097,0.104,0.095,0.104,0.099,0.107,0.1,0.103,0.105,0.102,0.108,0.113,0.115,0.126,0.161,0.109,0.088,0.165,0.122,0.136,0.16,0.126,0.132,0.124,0.115,0.119,0.284,0.118,0.113,0.117,0.127,0.12,0.114,0.128,0.13,0.138,0.131,0.137,0.144,0.098,0.087,0.095,0.109,0.135,0.124,0.127,0.117,0.117,0.116,0.125,0.12,0.121,0.117,0.118,0.116,0.117,0.119,0.128,0.118,0.131,0.132,0.136,0.127,0.135,0.094,0.089,0.089,0.089,0.089,0.09,0.088,0.091,0.093,0.097,0.088,0.099,0.089,0.089,0.088,0.088,0.089,0.089,0.096,0.094,0.088,0.087,0.088,0.151,0.087,0.089,0.087,0.097,0.088,0.092,0.091,0.088,0.088,0.093,0.087,0.087,0.088,0.09,0.088,0.094,0.088,0.084,0.09,0.089,0.088,0.094,0.091,0.09,0.107,0.088,0.092,0.088,0.091,0.092,0.088,0.086,0.089,0.09,0.095,0.086,0.087,0.097,0.09,0.087,0.089,0.088,0.09,0.086,0.086,0.088,0.088,0.088,0.089,0.105,0.086,0.107,0.087,0.087,0.088,0.09,0.088,0.089,0.089,0.09,0.087,0.087,0.098,0.09,0.097,0.096,0.089,0.087,0.088,0.088,0.089,0.102,0.102,0.097,0.092,0.088,0.09,0.094,0.092,0.091,0.089,0.091,0.092,0.092,0.088,0.092,0.091,0.091,0.089,0.089,0.088,0.09,0.088,0.092,0.088,0.099,0.097,0.099,0.093,0.089,0.09,0.101,0.1,0.088,0.09,0.089,0.097,0.098,0.093,0.156,0.092,0.089,0.105,0.094,0.103,0.091,0.094,0.089,0.093,0.096
0.242,OD600,1.103,0.924,0.483,0.406,0.289,0.218,0.164,0.158,1.64,1.005,0.535,0.422,0.289,0.232,0.182,0.189,0.097,0.095,0.096,0.096,0.096,0.092,0.095,0.096,1.483,0.957,0.569,0.435,0.303,0.221,0.175,0.142,0.922,0.731,0.491,0.451,0.318,0.229,0.182,0.151,0.095,0.095,0.097,0.094,0.101,0.1,0.096,0.103,0.087,0.138,0.108,0.113,0.111,0.105,0.099,0.095,0.091,0.097,0.092,0.092,0.107,0.106,0.107,0.113,0.118,0.186,0.119,0.133,0.129,0.146,0.17,0.132,0.085,0.097,0.099,0.161,0.1,0.101,0.102,0.109,0.113,0.116,0.111,0.109,0.113,0.123,0.111,0.117,0.128,0.115,0.117,0.116,0.117,0.141,0.141,0.147,0.087,0.133,0.128,0.158,0.161,0.148,0.188,0.169,0.188,0.184,0.186,0.203,0.196,0.199,0.189,0.212,0.212,0.205,0.239,0.212,0.228,0.225,0.226,0.105,0.088,0.093,0.091,0.093,0.095,0.097,0.096,0.099,0.099,0.098,0.098,0.105,0.097,0.101,0.11,0.103,0.104,0.122,0.099,0.113,0.099,0.115,0.136,0.114,0.094,0.173,0.116,0.166,0.12,0.12,0.12,0.118,0.114,0.196,0.116,0.113,0.114,0.12,0.136,0.128,0.141,0.129,0.155,0.143,0.131,0.146,0.191,0.101,0.089,0.152,0.117,0.119,0.12,0.125,0.124,0.108,0.105,0.116,0.099,0.116,0.112,0.114,0.112,0.12,0.12,0.119,0.129,0.14,0.143,0.166,0.218,0.109,0.088,0.188,0.142,0.175,0.193,0.161,0.175,0.152,0.147,0.153,0.301,0.154,0.139,0.148,0.165,0.157,0.144,0.169,0.176,0.186,0.176,0.189,0.215,0.097,0.087,0.096,0.127,0.172,0.163,0.169,0.142,0.134,0.144,0.161,0.158,0.151,0.146,0.155,0.152,0.152,0.158,0.171,0.155,0.173,0.176,0.183,0.176,0.135,0.094,0.089,0.089,0.089,0.089,0.09,0.088,0.091,0.093,0.097,0.088,0.099,0.089,0.089,0.088,0.088,0.089,0.089,0.096,0.094,0.088,0.088,0.089,0.154,0.087,0.09,0.087,0.097,0.088,0.092,0.091,0.087,0.088,0.093,0.087,0.087,0.088,0.09,0.088,0.094,0.088,0.085,0.089,0.091,0.088,0.093,0.091,0.091,0.107,0.089,0.092,0.088,0.091,0.092,0.088,0.086,0.089,0.09,0.095,0.086,0.087,0.097,0.09,0.087,0.089,0.088,0.09,0.086,0.086,0.088,0.088,0.089,0.09,0.106,0.086,0.107,0.087,0.087,0.089,0.091,0.088,0.089,0.09,0.091,0.087,0.087,0.098,0.088,0.097,0.095,0.089,0.086,0.088,0.088,0.089,0.102,0.102,0.098,0.092,0.088,0.09,0.095,0.093,0.091,0.089,0.091,0.092,0.093,0.088,0.093,0.092,0.091,0.09,0.089,0.088,0.091,0.088,0.093,0.089,0.099,0.099,0.1,0.094,0.09,0.091,0.102,0.101,0.088,0.091,0.089,0.097,0.099,0.093,0.157,0.092,0.09,0.105,0.095,0.104,0.091,0.149,0.09,0.093,0.096
0.283,OD600,1.131,0.927,0.5,0.43,0.296,0.218,0.165,0.149,1.665,1.014,0.549,0.435,0.294,0.238,0.184,0.191,0.097,0.095,0.096,0.096,0.096,0.092,0.094,0.096,1.496,0.969,0.583,0.436,0.304,0.213,0.177,0.142,0.926,0.718,0.486,0.45,0.315,0.226,0.181,0.151,0.096,0.095,0.097,0.095,0.101,0.099,0.096,0.103,0.087,0.167,0.122,0.131,0.127,0.11,0.1,0.094,0.091,0.097,0.092,0.092,0.127,0.125,0.131,0.144,0.15,0.234,0.161,0.176,0.167,0.2,0.236,0.138,0.086,0.101,0.102,0.163,0.104,0.105,0.105,0.116,0.12,0.121,0.117,0.114,0.118,0.137,0.118,0.131,0.146,0.125,0.134,0.137,0.138,0.165,0.18,0.146,0.087,0.152,0.149,0.194,0.194,0.183,0.217,0.201,0.217,0.213,0.213,0.232,0.232,0.233,0.219,0.244,0.251,0.248,0.301,0.26,0.284,0.317,0.325,0.105,0.088,0.096,0.093,0.095,0.098,0.1,0.1,0.102,0.102,0.102,0.101,0.113,0.1,0.106,0.12,0.108,0.116,0.131,0.108,0.12,0.11,0.138,0.176,0.114,0.096,0.18,0.128,0.173,0.138,0.145,0.146,0.137,0.132,0.198,0.136,0.131,0.136,0.141,0.157,0.157,0.17,0.16,0.19,0.176,0.169,0.189,0.253,0.101,0.09,0.169,0.129,0.139,0.143,0.15,0.153,0.126,0.122,0.139,0.106,0.14,0.138,0.124,0.133,0.15,0.151,0.154,0.167,0.182,0.184,0.219,0.309,0.109,0.088,0.209,0.165,0.206,0.221,0.197,0.203,0.188,0.178,0.187,0.295,0.192,0.178,0.184,0.197,0.193,0.178,0.2,0.213,0.235,0.219,0.251,0.3,0.097,0.087,0.098,0.155,0.205,0.192,0.203,0.174,0.165,0.188,0.201,0.191,0.185,0.19,0.19,0.19,0.189,0.194,0.208,0.193,0.214,0.221,0.242,0.251,0.141,0.094,0.09,0.089,0.089,0.089,0.09,0.088,0.091,0.093,0.097,0.088,0.099,0.089,0.089,0.088,0.089,0.089,0.089,0.096,0.094,0.088,0.088,0.089,0.155,0.087,0.09,0.087,0.097,0.088,0.092,0.091,0.087,0.088,0.093,0.087,0.087,0.088,0.09,0.088,0.094,0.088,0.085,0.089,0.093,0.088,0.093,0.091,0.091,0.107,0.089,0.092,0.088,0.091,0.092,0.088,0.086,0.089,0.09,0.095,0.086,0.087,0.097,0.092,0.087,0.089,0.088,0.09,0.086,0.086,0.088,0.088,0.09,0.089,0.106,0.086,0.107,0.087,0.087,0.089,0.09,0.089,0.089,0.09,0.091,0.088,0.088,0.098,0.088,0.104,0.096,0.089,0.086,0.088,0.089,0.089,0.103,0.102,0.097,0.092,0.088,0.09,0.095,0.093,0.091,0.089,0.091,0.092,0.093,0.088,0.093,0.092,0.091,0.09,0.089,0.088,0.091,0.088,0.093,0.089,0.099,0.101,0.1,0.094,0.09,0.091,0.103,0.101,0.089,0.091,0.09,0.097,0.099,0.093,0.157,0.093,0.09,0.105,0.095,0.104,0.092,0.146,0.091,0.093,0.096
0.325,OD600,1.159,0.925,0.508,0.451,0.297,0.218,0.165,0.15,1.673,1.022,0.562,0.447,0.302,0.241,0.185,0.194,0.097,0.095,0.097,0.096,0.096,0.092,0.095,0.095,1.495,0.984,0.589,0.437,0.304,0.21,0.175,0.143,0.933,0.714,0.482,0.456,0.318,0.224,0.18,0.15,0.097,0.095,0.097,0.095,0.101,0.097,0.096,0.102,0.087,0.193,0.134,0.154,0.145,0.114,0.101,0.094,0.091,0.097,0.093,0.092,0.16,0.158,0.172,0.194,0.194,0.281,0.207,0.228,0.205,0.27,0.31,0.144,0.086,0.104,0.105,0.161,0.107,0.109,0.108,0.122,0.127,0.126,0.123,0.119,0.124,0.154,0.125,0.146,0.167,0.138,0.144,0.159,0.164,0.213,0.244,0.146,0.087,0.175,0.17,0.211,0.213,0.213,0.254,0.22,0.252,0.253,0.243,0.262,0.266,0.266,0.255,0.285,0.32,0.31,0.369,0.317,0.353,0.393,0.389,0.105,0.088,0.099,0.095,0.099,0.101,0.103,0.104,0.105,0.105,0.105,0.103,0.122,0.103,0.111,0.131,0.114,0.132,0.144,0.12,0.13,0.123,0.172,0.215,0.114,0.097,0.183,0.141,0.184,0.16,0.169,0.166,0.161,0.152,0.196,0.16,0.154,0.165,0.165,0.184,0.182,0.201,0.183,0.229,0.213,0.203,0.235,0.336,0.102,0.09,0.187,0.139,0.162,0.169,0.177,0.181,0.151,0.148,0.168,0.116,0.171,0.163,0.134,0.159,0.185,0.18,0.184,0.2,0.223,0.226,0.287,0.408,0.109,0.088,0.227,0.182,0.227,0.245,0.224,0.227,0.216,0.212,0.218,0.295,0.216,0.2,0.206,0.218,0.218,0.201,0.233,0.252,0.294,0.273,0.336,0.389,0.098,0.087,0.1,0.188,0.223,0.215,0.234,0.188,0.2,0.217,0.225,0.229,0.214,0.217,0.224,0.224,0.223,0.229,0.246,0.231,0.278,0.283,0.33,0.317,0.148,0.094,0.09,0.089,0.089,0.089,0.09,0.088,0.091,0.093,0.097,0.088,0.099,0.089,0.089,0.088,0.089,0.089,0.089,0.096,0.095,0.089,0.089,0.09,0.157,0.087,0.09,0.087,0.097,0.088,0.092,0.091,0.088,0.088,0.093,0.087,0.087,0.088,0.09,0.088,0.094,0.088,0.085,0.089,0.093,0.088,0.093,0.091,0.092,0.107,0.089,0.092,0.088,0.091,0.092,0.088,0.086,0.089,0.09,0.095,0.087,0.087,0.097,0.09,0.087,0.089,0.088,0.09,0.086,0.087,0.088,0.088,0.09,0.089,0.106,0.086,0.107,0.087,0.087,0.089,0.09,0.089,0.089,0.09,0.091,0.087,0.088,0.098,0.088,0.104,0.096,0.089,0.087,0.088,0.089,0.09,0.104,0.102,0.097,0.093,0.088,0.09,0.095,0.093,0.091,0.089,0.091,0.092,0.093,0.088,0.093,0.092,0.091,0.09,0.089,0.088,0.091,0.088,0.093,0.089,0.099,0.102,0.101,0.095,0.09,0.092,0.104,0.102,0.089,0.091,0.09,0.097,0.099,0.093,0.158,0.093,0.091,0.105,0.095,0.104,0.092,0.146,0.091,0.093,0.096
0.367,OD600,1.179,0.924,0.511,0.465,0.297,0.216,0.162,0.153,1.695,1.036,0.57,0.453,0.308,0.241,0.185,0.195,0.098,0.095,0.097,0.096,0.096,0.092,0.095,0.095,1.511,0.997,0.593,0.454,0.308,0.211,0.174,0.142,0.951,0.715,0.477,0.456,0.327,0.221,0.181,0.149,0.098,0.096,0.097,0.095,0.101,0.096,0.095,0.102,0.087,0.213,0.145,0.173,0.162,0.117,0.102,0.094,0.091,0.097,0.092,0.092,0.197,0.195,0.209,0.226,0.221,0.327,0.239,0.273,0.256,0.349,0.391,0.15,0.087,0.107,0.107,0.158,0.11,0.112,0.111,0.13,0.134,0.13,0.126,0.125,0.129,0.168,0.132,0.162,0.189,0.152,0.161,0.163,0.167,0.256,0.304,0.146,0.087,0.191,0.181,0.231,0.239,0.241,0.276,0.239,0.272,0.285,0.268,0.29,0.298,0.307,0.298,0.326,0.345,0.351,0.409,0.372,0.404,0.451,0.467,0.105,0.089,0.104,0.098,0.102,0.106,0.108,0.109,0.108,0.108,0.109,0.106,0.131,0.105,0.115,0.144,0.122,0.151,0.159,0.133,0.144,0.142,0.19,0.265,0.114,0.099,0.186,0.155,0.192,0.178,0.186,0.189,0.183,0.172,0.202,0.18,0.169,0.185,0.187,0.204,0.194,0.233,0.213,0.28,0.262,0.247,0.301,0.421,0.102,0.091,0.2,0.148,0.174,0.181,0.197,0.201,0.172,0.172,0.194,0.125,0.196,0.192,0.146,0.186,0.217,0.207,0.204,0.222,0.271,0.279,0.357,0.516,0.11,0.088,0.241,0.197,0.25,0.261,0.247,0.247,0.238,0.236,0.239,0.301,0.236,0.225,0.241,0.245,0.242,0.228,0.267,0.295,0.345,0.336,0.423,0.463,0.098,0.088,0.102,0.211,0.244,0.24,0.259,0.207,0.23,0.255,0.26,0.257,0.234,0.248,0.256,0.254,0.252,0.27,0.289,0.282,0.318,0.342,0.4,0.389,0.154,0.094,0.09,0.089,0.089,0.089,0.09,0.088,0.091,0.093,0.097,0.088,0.099,0.089,0.089,0.088,0.089,0.089,0.09,0.096,0.096,0.089,0.09,0.091,0.157,0.087,0.09,0.087,0.097,0.088,0.092,0.091,0.088,0.088,0.093,0.087,0.087,0.088,0.09,0.088,0.094,0.089,0.085,0.089,0.093,0.088,0.093,0.105,0.092,0.107,0.089,0.092,0.088,0.091,0.092,0.088,0.086,0.089,0.09,0.095,0.087,0.087,0.097,0.09,0.087,0.089,0.088,0.09,0.086,0.088,0.088,0.089,0.091,0.089,0.106,0.087,0.107,0.087,0.087,0.089,0.09,0.09,0.089,0.09,0.091,0.087,0.088,0.098,0.088,0.104,0.096,0.089,0.087,0.089,0.089,0.09,0.105,0.102,0.097,0.093,0.089,0.09,0.094,0.093,0.092,0.089,0.091,0.092,0.093,0.088,0.093,0.092,0.091,0.09,0.089,0.089,0.091,0.089,0.093,0.089,0.099,0.104,0.101,0.095,0.09,0.092,0.104,0.103,0.089,0.091,0.09,0.097,0.099,0.094,0.158,0.093,0.091,0.105,0.095,0.104,0.092,0.158,0.092,0.093,0.096
0.408,OD600,1.2,0.92,0.514,0.472,0.297,0.228,0.161,0.159,1.711,1.058,0.576,0.458,0.316,0.245,0.184,0.196,0.098,0.095,0.097,0.096,0.096,0.092,0.095,0.095,1.516,1.007,0.598,0.461,0.312,0.208,0.173,0.139,0.971,0.714,0.472,0.453,0.328,0.217,0.178,0.149,0.099,0.097,0.097,0.095,0.101,0.095,0.095,0.102,0.087,0.233,0.155,0.185,0.175,0.12,0.103,0.095,0.091,0.098,0.092,0.092,0.216,0.218,0.232,0.255,0.248,0.387,0.281,0.322,0.308,0.418,0.459,0.158,0.087,0.112,0.108,0.155,0.114,0.116,0.114,0.138,0.14,0.135,0.132,0.131,0.135,0.183,0.141,0.179,0.211,0.169,0.181,0.182,0.21,0.299,0.358,0.146,0.087,0.202,0.193,0.253,0.259,0.265,0.296,0.254,0.292,0.305,0.293,0.316,0.323,0.319,0.313,0.335,0.363,0.37,0.433,0.393,0.442,0.491,0.509,0.105,0.089,0.109,0.101,0.106,0.109,0.113,0.112,0.111,0.111,0.112,0.107,0.141,0.108,0.12,0.158,0.133,0.167,0.172,0.146,0.149,0.171,0.237,0.317,0.115,0.102,0.193,0.163,0.201,0.193,0.198,0.2,0.199,0.189,0.194,0.197,0.188,0.203,0.217,0.229,0.221,0.257,0.234,0.311,0.284,0.291,0.35,0.482,0.102,0.091,0.209,0.153,0.183,0.192,0.211,0.217,0.191,0.19,0.208,0.136,0.222,0.207,0.162,0.206,0.232,0.235,0.236,0.257,0.309,0.324,0.425,0.603,0.11,0.088,0.25,0.21,0.27,0.271,0.256,0.263,0.252,0.257,0.258,0.305,0.257,0.243,0.26,0.27,0.27,0.256,0.287,0.323,0.385,0.38,0.479,0.517,0.098,0.088,0.104,0.23,0.26,0.261,0.282,0.216,0.256,0.284,0.279,0.282,0.255,0.268,0.276,0.278,0.286,0.299,0.308,0.311,0.36,0.376,0.451,0.451,0.16,0.094,0.09,0.089,0.089,0.089,0.091,0.088,0.091,0.094,0.097,0.088,0.099,0.09,0.09,0.088,0.089,0.089,0.09,0.097,0.098,0.091,0.093,0.094,0.162,0.087,0.09,0.087,0.097,0.088,0.092,0.091,0.088,0.088,0.093,0.087,0.087,0.088,0.09,0.088,0.094,0.088,0.085,0.089,0.092,0.089,0.093,0.104,0.093,0.107,0.089,0.092,0.088,0.091,0.092,0.088,0.086,0.089,0.09,0.095,0.087,0.087,0.097,0.09,0.087,0.089,0.088,0.09,0.086,0.09,0.088,0.089,0.091,0.089,0.106,0.087,0.107,0.087,0.087,0.089,0.09,0.091,0.089,0.09,0.091,0.088,0.088,0.098,0.088,0.104,0.095,0.089,0.087,0.089,0.089,0.09,0.106,0.102,0.097,0.093,0.089,0.09,0.095,0.093,0.091,0.089,0.091,0.093,0.093,0.088,0.093,0.092,0.092,0.09,0.089,0.089,0.091,0.089,0.093,0.089,0.099,0.105,0.102,0.095,0.09,0.092,0.105,0.104,0.09,0.091,0.09,0.097,0.1,0.094,0.156,0.093,0.091,0.105,0.096,0.103,0.092,0.16,0.092,0.094,0.096
0.450,OD600,1.222,0.917,0.534,0.476,0.295,0.228,0.162,0.16,1.718,1.063,0.571,0.466,0.325,0.246,0.183,0.198,0.098,0.095,0.097,0.096,0.096,0.092,0.095,0.095,1.52,1.016,0.603,0.466,0.323,0.208,0.173,0.138,0.986,0.715,0.48,0.454,0.332,0.215,0.181,0.148,0.102,0.097,0.097,0.095,0.101,0.095,0.095,0.101,0.087,0.249,0.164,0.193,0.18,0.123,0.104,0.095,0.092,0.098,0.093,0.092,0.23,0.238,0.256,0.282,0.279,0.419,0.328,0.358,0.348,0.481,0.512,0.161,0.087,0.117,0.11,0.151,0.118,0.119,0.118,0.147,0.15,0.14,0.139,0.138,0.143,0.198,0.152,0.2,0.233,0.188,0.21,0.208,0.232,0.334,0.404,0.147,0.087,0.208,0.204,0.269,0.275,0.279,0.305,0.257,0.295,0.315,0.298,0.323,0.331,0.329,0.32,0.34,0.367,0.386,0.452,0.409,0.458,0.509,0.509,0.105,0.091,0.113,0.103,0.11,0.113,0.119,0.116,0.114,0.115,0.117,0.11,0.15,0.111,0.127,0.172,0.145,0.18,0.197,0.161,0.164,0.193,0.274,0.375,0.115,0.106,0.198,0.171,0.205,0.203,0.207,0.209,0.21,0.198,0.206,0.208,0.201,0.222,0.232,0.237,0.237,0.283,0.257,0.343,0.325,0.328,0.404,0.515,0.102,0.092,0.214,0.155,0.189,0.196,0.218,0.226,0.207,0.206,0.229,0.147,0.234,0.228,0.176,0.225,0.254,0.26,0.266,0.283,0.352,0.368,0.486,0.644,0.109,0.089,0.261,0.217,0.284,0.28,0.265,0.275,0.259,0.262,0.269,0.305,0.273,0.257,0.278,0.283,0.284,0.268,0.309,0.344,0.411,0.414,0.536,0.526,0.097,0.088,0.107,0.258,0.276,0.281,0.297,0.222,0.28,0.296,0.295,0.298,0.27,0.283,0.302,0.292,0.307,0.319,0.332,0.333,0.389,0.41,0.475,0.481,0.164,0.094,0.091,0.089,0.089,0.089,0.091,0.088,0.091,0.094,0.097,0.088,0.099,0.09,0.09,0.089,0.089,0.09,0.092,0.099,0.1,0.095,0.101,0.101,0.17,0.087,0.091,0.087,0.097,0.088,0.092,0.091,0.088,0.088,0.093,0.087,0.087,0.088,0.09,0.088,0.095,0.089,0.085,0.089,0.093,0.089,0.094,0.092,0.093,0.107,0.089,0.092,0.088,0.091,0.092,0.088,0.086,0.089,0.09,0.096,0.087,0.087,0.097,0.09,0.087,0.089,0.089,0.09,0.087,0.092,0.088,0.089,0.091,0.089,0.106,0.087,0.107,0.087,0.087,0.089,0.091,0.091,0.089,0.09,0.091,0.088,0.088,0.098,0.088,0.104,0.096,0.089,0.087,0.089,0.089,0.09,0.106,0.102,0.098,0.093,0.089,0.09,0.095,0.094,0.091,0.089,0.091,0.093,0.093,0.088,0.093,0.092,0.092,0.09,0.089,0.089,0.091,0.089,0.093,0.09,0.099,0.106,0.102,0.095,0.091,0.092,0.105,0.104,0.09,0.091,0.09,0.098,0.101,0.094,0.158,0.093,0.092,0.105,0.096,0.103,0.092,0.16,0.092,0.094,0.096
0.492,OD600,1.245,0.923,0.558,0.48,0.292,0.223,0.162,0.155,1.716,1.081,0.574,0.488,0.338,0.251,0.181,0.201,0.098,0.095,0.097,0.096,0.096,0.092,0.095,0.095,1.54,1.027,0.605,0.47,0.328,0.207,0.169,0.137,1.003,0.718,0.484,0.453,0.333,0.213,0.179,0.146,0.104,0.098,0.097,0.095,0.101,0.094,0.094,0.101,0.087,0.263,0.17,0.198,0.184,0.127,0.106,0.096,0.092,0.098,0.093,0.092,0.246,0.258,0.278,0.299,0.302,0.435,0.338,0.384,0.369,0.512,0.523,0.159,0.086,0.12,0.111,0.135,0.124,0.127,0.123,0.16,0.162,0.148,0.149,0.15,0.155,0.207,0.167,0.223,0.261,0.212,0.228,0.241,0.256,0.363,0.431,0.147,0.087,0.215,0.209,0.28,0.282,0.286,0.309,0.259,0.297,0.321,0.299,0.321,0.33,0.333,0.323,0.341,0.372,0.394,0.464,0.413,0.459,0.5,0.493,0.105,0.09,0.115,0.104,0.114,0.117,0.126,0.121,0.118,0.119,0.121,0.111,0.164,0.114,0.135,0.186,0.16,0.2,0.217,0.179,0.189,0.217,0.318,0.428,0.115,0.108,0.196,0.178,0.213,0.207,0.211,0.214,0.214,0.201,0.214,0.22,0.209,0.232,0.239,0.248,0.256,0.297,0.276,0.355,0.355,0.36,0.435,0.505,0.102,0.092,0.219,0.158,0.193,0.203,0.222,0.231,0.209,0.22,0.238,0.158,0.254,0.24,0.188,0.234,0.272,0.273,0.282,0.305,0.379,0.397,0.526,0.609,0.109,0.089,0.277,0.224,0.296,0.288,0.275,0.279,0.264,0.267,0.273,0.296,0.289,0.268,0.294,0.29,0.292,0.274,0.319,0.357,0.426,0.43,0.564,0.485,0.097,0.089,0.109,0.276,0.281,0.289,0.306,0.228,0.29,0.307,0.301,0.309,0.277,0.291,0.316,0.303,0.322,0.332,0.345,0.349,0.403,0.429,0.484,0.469,0.167,0.094,0.091,0.089,0.089,0.089,0.091,0.089,0.091,0.094,0.097,0.089,0.099,0.09,0.091,0.089,0.09,0.09,0.096,0.103,0.105,0.103,0.12,0.119,0.178,0.087,0.091,0.087,0.097,0.088,0.092,0.091,0.088,0.088,0.093,0.087,0.087,0.088,0.09,0.088,0.094,0.089,0.085,0.089,0.091,0.089,0.093,0.092,0.093,0.107,0.089,0.094,0.088,0.091,0.092,0.088,0.086,0.089,0.09,0.096,0.087,0.087,0.097,0.09,0.087,0.089,0.088,0.09,0.087,0.094,0.088,0.089,0.091,0.089,0.106,0.087,0.107,0.087,0.087,0.089,0.091,0.092,0.089,0.09,0.091,0.088,0.088,0.098,0.088,0.104,0.096,0.089,0.087,0.089,0.089,0.09,0.106,0.102,0.097,0.094,0.089,0.09,0.095,0.094,0.092,0.089,0.091,0.093,0.093,0.088,0.094,0.092,0.092,0.09,0.089,0.089,0.091,0.089,0.093,0.09,0.099,0.107,0.102,0.095,0.091,0.093,0.105,0.104,0.09,0.091,0.091,0.098,0.101,0.094,0.159,0.093,0.092,0.105,0.096,0.103,0.092,0.161,0.092,0.094,0.096
0.533,OD600,1.271,0.923,0.566,0.481,0.294,0.222,0.162,0.156,1.707,1.087,0.575,0.492,0.35,0.256,0.18,0.204,0.098,0.095,0.097,0.096,0.096,0.092,0.095,0.095,1.55,1.035,0.613,0.472,0.33,0.207,0.168,0.138,1.024,0.72,0.489,0.459,0.338,0.214,0.177,0.145,0.107,0.098,0.097,0.095,0.101,0.094,0.094,0.1,0.088,0.277,0.173,0.203,0.186,0.132,0.11,0.097,0.093,0.099,0.093,0.092,0.258,0.273,0.291,0.31,0.304,0.443,0.347,0.399,0.379,0.499,0.491,0.145,0.086,0.121,0.112,0.145,0.133,0.138,0.133,0.178,0.177,0.159,0.164,0.166,0.171,0.22,0.192,0.245,0.288,0.233,0.248,0.262,0.275,0.379,0.447,0.147,0.087,0.224,0.214,0.288,0.288,0.29,0.315,0.261,0.297,0.32,0.296,0.327,0.331,0.327,0.328,0.344,0.362,0.4,0.469,0.414,0.456,0.488,0.482,0.105,0.09,0.117,0.106,0.119,0.123,0.135,0.129,0.123,0.125,0.128,0.114,0.175,0.122,0.146,0.209,0.177,0.231,0.257,0.204,0.231,0.241,0.354,0.457,0.115,0.108,0.195,0.185,0.218,0.213,0.214,0.215,0.218,0.207,0.218,0.229,0.21,0.244,0.247,0.258,0.26,0.306,0.291,0.36,0.373,0.376,0.453,0.484,0.102,0.092,0.221,0.158,0.195,0.21,0.226,0.235,0.215,0.223,0.24,0.167,0.249,0.247,0.202,0.241,0.284,0.28,0.295,0.311,0.396,0.411,0.536,0.558,0.109,0.089,0.277,0.233,0.306,0.293,0.28,0.285,0.268,0.272,0.28,0.305,0.295,0.285,0.309,0.302,0.303,0.289,0.323,0.359,0.431,0.437,0.574,0.445,0.097,0.089,0.112,0.292,0.286,0.299,0.315,0.237,0.299,0.316,0.304,0.311,0.291,0.296,0.333,0.319,0.333,0.338,0.353,0.353,0.406,0.439,0.478,0.437,0.168,0.094,0.091,0.09,0.089,0.089,0.092,0.089,0.092,0.094,0.097,0.089,0.1,0.092,0.092,0.09,0.091,0.091,0.106,0.115,0.117,0.126,0.163,0.163,0.186,0.089,0.091,0.087,0.097,0.088,0.092,0.091,0.088,0.088,0.093,0.087,0.087,0.088,0.09,0.088,0.095,0.089,0.085,0.089,0.092,0.089,0.088,0.092,0.093,0.107,0.089,0.095,0.088,0.091,0.092,0.088,0.086,0.089,0.09,0.096,0.087,0.087,0.097,0.09,0.087,0.09,0.089,0.09,0.087,0.096,0.088,0.089,0.091,0.089,0.106,0.087,0.108,0.087,0.087,0.089,0.091,0.092,0.09,0.09,0.091,0.088,0.088,0.098,0.088,0.105,0.096,0.089,0.087,0.089,0.089,0.09,0.106,0.103,0.097,0.094,0.089,0.09,0.095,0.094,0.093,0.089,0.091,0.093,0.094,0.088,0.094,0.092,0.092,0.09,0.09,0.089,0.091,0.089,0.093,0.091,0.099,0.108,0.102,0.096,0.091,0.093,0.106,0.105,0.09,0.091,0.091,0.098,0.101,0.094,0.16,0.094,0.092,0.105,0.096,0.103,0.092,0.161,0.092,0.094,0.096
0.575,OD600,1.293,0.932,0.552,0.482,0.291,0.222,0.157,0.16,1.693,1.1,0.579,0.49,0.364,0.264,0.18,0.21,0.098,0.095,0.097,0.096,0.096,0.092,0.095,0.094,1.552,1.044,0.617,0.475,0.333,0.207,0.167,0.136,1.038,0.726,0.493,0.462,0.34,0.214,0.178,0.145,0.111,0.098,0.097,0.095,0.101,0.094,0.094,0.1,0.088,0.284,0.175,0.206,0.187,0.141,0.118,0.1,0.094,0.1,0.093,0.092,0.266,0.279,0.297,0.314,0.305,0.439,0.351,0.396,0.376,0.482,0.467,0.13,0.087,0.124,0.113,0.158,0.145,0.153,0.145,0.204,0.199,0.173,0.189,0.192,0.195,0.227,0.221,0.271,0.318,0.259,0.269,0.282,0.295,0.384,0.436,0.147,0.087,0.225,0.22,0.295,0.294,0.295,0.318,0.263,0.297,0.318,0.293,0.329,0.332,0.332,0.322,0.342,0.375,0.398,0.464,0.398,0.43,0.48,0.477,0.105,0.09,0.118,0.107,0.127,0.133,0.145,0.138,0.131,0.133,0.135,0.118,0.194,0.132,0.157,0.236,0.205,0.248,0.296,0.23,0.259,0.263,0.389,0.467,0.115,0.107,0.198,0.19,0.221,0.218,0.216,0.219,0.22,0.207,0.219,0.231,0.21,0.248,0.256,0.265,0.266,0.311,0.303,0.362,0.383,0.377,0.438,0.466,0.102,0.092,0.224,0.159,0.199,0.212,0.228,0.236,0.216,0.226,0.25,0.168,0.259,0.257,0.226,0.243,0.298,0.289,0.304,0.322,0.398,0.409,0.525,0.526,0.11,0.09,0.284,0.234,0.313,0.298,0.283,0.289,0.272,0.277,0.288,0.304,0.3,0.295,0.322,0.305,0.304,0.29,0.324,0.363,0.43,0.429,0.574,0.431,0.097,0.089,0.115,0.303,0.289,0.305,0.323,0.245,0.301,0.323,0.304,0.308,0.301,0.3,0.343,0.324,0.337,0.342,0.359,0.35,0.397,0.433,0.465,0.429,0.17,0.094,0.092,0.09,0.09,0.089,0.092,0.09,0.092,0.095,0.098,0.09,0.1,0.094,0.093,0.092,0.094,0.094,0.127,0.14,0.141,0.159,0.219,0.233,0.19,0.089,0.091,0.087,0.097,0.088,0.092,0.091,0.088,0.088,0.093,0.087,0.087,0.088,0.09,0.088,0.095,0.089,0.085,0.089,0.09,0.089,0.088,0.092,0.093,0.107,0.089,0.095,0.088,0.091,0.092,0.088,0.086,0.089,0.09,0.096,0.087,0.087,0.097,0.09,0.087,0.089,0.089,0.09,0.087,0.097,0.088,0.089,0.091,0.089,0.105,0.087,0.108,0.088,0.087,0.089,0.091,0.093,0.09,0.09,0.091,0.088,0.088,0.098,0.088,0.105,0.096,0.089,0.087,0.089,0.089,0.09,0.106,0.103,0.097,0.094,0.089,0.09,0.095,0.094,0.092,0.089,0.092,0.094,0.093,0.088,0.094,0.092,0.092,0.09,0.089,0.089,0.091,0.089,0.093,0.091,0.099,0.11,0.102,0.096,0.091,0.093,0.106,0.104,0.09,0.091,0.091,0.098,0.102,0.095,0.161,0.096,0.092,0.105,0.096,0.103,0.092,0.161,0.092,0.094,0.096
0.617,OD600,1.301,0.933,0.556,0.485,0.289,0.224,0.155,0.162,1.672,1.104,0.582,0.489,0.377,0.273,0.181,0.22,0.098,0.095,0.097,0.096,0.096,0.092,0.095,0.094,1.55,1.052,0.619,0.475,0.335,0.207,0.167,0.137,1.061,0.731,0.498,0.464,0.341,0.216,0.18,0.145,0.113,0.098,0.098,0.095,0.101,0.094,0.094,0.099,0.088,0.29,0.176,0.208,0.187,0.155,0.134,0.106,0.096,0.102,0.094,0.093,0.267,0.281,0.295,0.309,0.304,0.436,0.348,0.392,0.358,0.492,0.455,0.12,0.086,0.128,0.115,0.171,0.158,0.17,0.161,0.225,0.223,0.195,0.213,0.227,0.219,0.243,0.245,0.288,0.347,0.284,0.285,0.303,0.304,0.377,0.412,0.147,0.087,0.231,0.222,0.297,0.295,0.299,0.323,0.263,0.295,0.315,0.291,0.324,0.331,0.327,0.323,0.325,0.366,0.388,0.445,0.393,0.416,0.478,0.476,0.105,0.09,0.12,0.108,0.136,0.146,0.159,0.147,0.14,0.142,0.146,0.125,0.216,0.147,0.173,0.272,0.227,0.28,0.323,0.26,0.296,0.285,0.417,0.457,0.115,0.107,0.204,0.181,0.223,0.221,0.218,0.219,0.223,0.211,0.227,0.234,0.218,0.241,0.257,0.263,0.265,0.309,0.309,0.357,0.381,0.374,0.419,0.464,0.102,0.093,0.228,0.161,0.201,0.213,0.23,0.238,0.215,0.228,0.251,0.192,0.257,0.253,0.24,0.259,0.295,0.301,0.307,0.326,0.393,0.422,0.516,0.516,0.11,0.09,0.293,0.238,0.317,0.3,0.287,0.293,0.275,0.28,0.292,0.312,0.306,0.312,0.337,0.306,0.305,0.296,0.324,0.355,0.414,0.407,0.551,0.44,0.096,0.089,0.119,0.312,0.294,0.309,0.329,0.251,0.301,0.329,0.304,0.308,0.311,0.306,0.351,0.327,0.333,0.345,0.363,0.342,0.39,0.411,0.455,0.429,0.171,0.095,0.092,0.09,0.09,0.089,0.094,0.091,0.093,0.095,0.098,0.092,0.102,0.099,0.094,0.096,0.101,0.101,0.156,0.177,0.175,0.198,0.275,0.308,0.193,0.089,0.091,0.087,0.098,0.088,0.092,0.091,0.088,0.088,0.093,0.087,0.087,0.088,0.09,0.088,0.095,0.09,0.085,0.089,0.087,0.089,0.088,0.092,0.093,0.107,0.089,0.096,0.088,0.091,0.092,0.088,0.086,0.089,0.09,0.096,0.087,0.087,0.097,0.091,0.087,0.09,0.089,0.09,0.087,0.099,0.088,0.089,0.091,0.089,0.105,0.087,0.108,0.087,0.088,0.089,0.091,0.093,0.09,0.09,0.091,0.088,0.088,0.098,0.088,0.105,0.096,0.089,0.087,0.089,0.089,0.09,0.106,0.103,0.097,0.094,0.09,0.09,0.095,0.094,0.092,0.09,0.092,0.094,0.094,0.088,0.094,0.092,0.092,0.09,0.089,0.09,0.091,0.089,0.093,0.091,0.099,0.111,0.102,0.095,0.091,0.093,0.106,0.105,0.091,0.091,0.092,0.098,0.102,0.095,0.162,0.096,0.092,0.104,0.097,0.103,0.092,0.162,0.092,0.094,0.096
0.658,OD600,1.297,0.942,0.573,0.488,0.287,0.224,0.154,0.163,1.651,1.102,0.583,0.49,0.391,0.283,0.182,0.233,0.099,0.095,0.097,0.096,0.096,0.092,0.096,0.094,1.54,1.057,0.62,0.476,0.338,0.206,0.164,0.136,1.081,0.739,0.502,0.468,0.352,0.221,0.186,0.144,0.116,0.098,0.098,0.095,0.101,0.094,0.094,0.099,0.088,0.295,0.176,0.21,0.191,0.174,0.161,0.118,0.101,0.104,0.096,0.093,0.267,0.277,0.292,0.307,0.295,0.429,0.338,0.37,0.346,0.49,0.454,0.116,0.086,0.141,0.122,0.183,0.169,0.19,0.178,0.239,0.242,0.222,0.24,0.253,0.247,0.258,0.274,0.305,0.37,0.304,0.297,0.314,0.301,0.377,0.399,0.147,0.087,0.234,0.221,0.3,0.297,0.304,0.328,0.262,0.293,0.312,0.289,0.323,0.328,0.324,0.307,0.327,0.35,0.37,0.441,0.381,0.407,0.474,0.479,0.105,0.09,0.122,0.11,0.146,0.165,0.174,0.16,0.153,0.154,0.159,0.135,0.25,0.171,0.192,0.295,0.26,0.31,0.363,0.288,0.333,0.299,0.426,0.467,0.116,0.105,0.201,0.18,0.226,0.223,0.219,0.221,0.228,0.214,0.234,0.235,0.227,0.253,0.259,0.269,0.265,0.31,0.31,0.349,0.38,0.359,0.415,0.464,0.102,0.093,0.228,0.162,0.202,0.214,0.231,0.24,0.219,0.23,0.253,0.199,0.261,0.256,0.26,0.268,0.293,0.301,0.302,0.323,0.374,0.385,0.492,0.52,0.11,0.09,0.298,0.239,0.321,0.303,0.29,0.297,0.279,0.284,0.295,0.327,0.314,0.329,0.35,0.309,0.311,0.303,0.318,0.354,0.409,0.412,0.545,0.449,0.098,0.09,0.122,0.325,0.297,0.315,0.336,0.257,0.3,0.336,0.304,0.306,0.324,0.313,0.358,0.33,0.338,0.342,0.361,0.342,0.378,0.414,0.451,0.426,0.172,0.095,0.093,0.09,0.09,0.09,0.098,0.095,0.094,0.097,0.099,0.098,0.106,0.111,0.096,0.107,0.116,0.115,0.189,0.213,0.206,0.23,0.329,0.384,0.194,0.089,0.091,0.087,0.098,0.088,0.092,0.091,0.088,0.088,0.093,0.087,0.087,0.088,0.09,0.088,0.095,0.09,0.085,0.089,0.091,0.089,0.088,0.092,0.093,0.107,0.089,0.096,0.088,0.091,0.092,0.088,0.086,0.089,0.09,0.096,0.087,0.087,0.097,0.09,0.087,0.09,0.089,0.091,0.087,0.101,0.088,0.089,0.091,0.089,0.105,0.087,0.108,0.088,0.088,0.089,0.092,0.094,0.09,0.09,0.091,0.088,0.088,0.098,0.088,0.105,0.096,0.089,0.087,0.089,0.089,0.091,0.106,0.103,0.097,0.095,0.09,0.091,0.095,0.094,0.092,0.089,0.092,0.094,0.094,0.088,0.094,0.092,0.092,0.09,0.089,0.09,0.092,0.089,0.094,0.091,0.099,0.112,0.102,0.096,0.091,0.094,0.106,0.105,0.091,0.091,0.092,0.098,0.102,0.095,0.163,0.097,0.092,0.104,0.097,0.103,0.092,0.162,0.092,0.094,0.096
0.700,OD600,1.285,0.944,0.581,0.496,0.288,0.223,0.153,0.169,1.627,1.106,0.586,0.494,0.408,0.3,0.186,0.244,0.099,0.095,0.097,0.096,0.096,0.092,0.096,0.094,1.52,1.065,0.623,0.48,0.352,0.207,0.164,0.135,1.097,0.744,0.507,0.472,0.37,0.231,0.191,0.143,0.118,0.098,0.098,0.095,0.101,0.094,0.094,0.099,0.088,0.3,0.178,0.208,0.194,0.201,0.199,0.143,0.109,0.11,0.1,0.093,0.267,0.275,0.289,0.303,0.291,0.422,0.331,0.373,0.34,0.49,0.455,0.115,0.086,0.14,0.129,0.191,0.179,0.207,0.197,0.251,0.248,0.256,0.265,0.28,0.269,0.266,0.292,0.322,0.387,0.314,0.302,0.327,0.298,0.376,0.389,0.146,0.087,0.234,0.234,0.307,0.3,0.307,0.33,0.26,0.291,0.309,0.287,0.324,0.327,0.313,0.309,0.315,0.345,0.368,0.439,0.374,0.407,0.475,0.477,0.105,0.091,0.124,0.111,0.152,0.173,0.184,0.173,0.171,0.171,0.174,0.148,0.269,0.199,0.213,0.328,0.283,0.343,0.383,0.304,0.361,0.312,0.422,0.482,0.116,0.104,0.201,0.186,0.227,0.224,0.22,0.221,0.234,0.22,0.236,0.244,0.235,0.252,0.258,0.274,0.266,0.306,0.304,0.318,0.368,0.352,0.413,0.468,0.102,0.093,0.229,0.166,0.202,0.215,0.233,0.24,0.222,0.233,0.258,0.222,0.27,0.258,0.29,0.271,0.291,0.294,0.307,0.316,0.365,0.39,0.489,0.521,0.111,0.091,0.304,0.239,0.325,0.304,0.292,0.299,0.281,0.287,0.298,0.325,0.322,0.346,0.361,0.31,0.31,0.305,0.313,0.348,0.403,0.409,0.547,0.455,0.097,0.09,0.124,0.336,0.3,0.322,0.345,0.262,0.3,0.342,0.303,0.303,0.332,0.318,0.359,0.339,0.337,0.335,0.357,0.333,0.374,0.415,0.45,0.426,0.172,0.095,0.095,0.09,0.091,0.09,0.107,0.106,0.099,0.1,0.1,0.109,0.115,0.13,0.1,0.126,0.139,0.139,0.222,0.252,0.243,0.269,0.382,0.442,0.195,0.089,0.091,0.087,0.098,0.088,0.092,0.091,0.088,0.088,0.093,0.087,0.087,0.088,0.09,0.088,0.095,0.091,0.085,0.089,0.09,0.089,0.088,0.092,0.093,0.108,0.089,0.097,0.088,0.092,0.092,0.088,0.086,0.089,0.09,0.096,0.087,0.087,0.097,0.09,0.087,0.09,0.089,0.09,0.087,0.103,0.089,0.089,0.091,0.089,0.105,0.087,0.109,0.087,0.088,0.089,0.092,0.094,0.09,0.09,0.091,0.088,0.088,0.098,0.089,0.104,0.096,0.089,0.087,0.089,0.089,0.091,0.106,0.102,0.097,0.095,0.09,0.091,0.095,0.095,0.092,0.09,0.092,0.094,0.094,0.088,0.094,0.092,0.092,0.09,0.089,0.09,0.092,0.089,0.094,0.091,0.099,0.113,0.102,0.096,0.091,0.094,0.107,0.105,0.091,0.091,0.092,0.098,0.102,0.094,0.169,0.097,0.092,0.105,0.096,0.103,0.092,0.163,0.092,0.094,0.096
0.742,OD600,1.266,0.947,0.587,0.499,0.3,0.225,0.153,0.172,1.596,1.108,0.59,0.505,0.43,0.326,0.191,0.253,0.099,0.095,0.098,0.096,0.096,0.092,0.096,0.094,1.496,1.069,0.623,0.484,0.368,0.212,0.166,0.134,1.113,0.753,0.511,0.473,0.386,0.239,0.195,0.143,0.12,0.098,0.098,0.095,0.101,0.094,0.094,0.098,0.088,0.306,0.177,0.213,0.197,0.233,0.23,0.175,0.124,0.118,0.107,0.093,0.272,0.273,0.287,0.303,0.291,0.418,0.331,0.366,0.335,0.491,0.456,0.115,0.086,0.148,0.138,0.2,0.189,0.217,0.209,0.259,0.255,0.284,0.279,0.304,0.291,0.267,0.308,0.322,0.398,0.323,0.305,0.323,0.288,0.373,0.383,0.146,0.087,0.232,0.234,0.309,0.301,0.308,0.333,0.259,0.288,0.306,0.284,0.322,0.327,0.306,0.308,0.316,0.339,0.372,0.435,0.373,0.406,0.477,0.482,0.105,0.091,0.126,0.112,0.157,0.192,0.191,0.183,0.189,0.191,0.189,0.165,0.285,0.232,0.231,0.345,0.308,0.364,0.397,0.309,0.371,0.313,0.418,0.483,0.117,0.103,0.204,0.184,0.229,0.224,0.22,0.222,0.24,0.225,0.241,0.251,0.242,0.258,0.262,0.277,0.262,0.303,0.299,0.313,0.359,0.348,0.411,0.472,0.102,0.093,0.231,0.173,0.201,0.215,0.234,0.241,0.226,0.236,0.263,0.238,0.272,0.261,0.303,0.272,0.296,0.291,0.304,0.317,0.36,0.383,0.489,0.525,0.112,0.091,0.301,0.241,0.329,0.305,0.293,0.301,0.283,0.288,0.298,0.324,0.325,0.36,0.371,0.309,0.31,0.303,0.307,0.34,0.395,0.408,0.545,0.462,0.097,0.09,0.124,0.342,0.304,0.326,0.352,0.265,0.299,0.348,0.301,0.301,0.336,0.322,0.365,0.338,0.332,0.328,0.355,0.333,0.369,0.413,0.448,0.426,0.173,0.095,0.099,0.091,0.092,0.091,0.124,0.132,0.109,0.107,0.104,0.127,0.13,0.151,0.108,0.151,0.166,0.163,0.238,0.294,0.271,0.305,0.425,0.481,0.196,0.089,0.092,0.087,0.098,0.088,0.092,0.091,0.088,0.088,0.093,0.087,0.087,0.088,0.09,0.088,0.095,0.091,0.085,0.089,0.093,0.089,0.088,0.093,0.093,0.108,0.089,0.096,0.088,0.092,0.092,0.088,0.086,0.089,0.091,0.096,0.087,0.087,0.097,0.091,0.087,0.09,0.089,0.09,0.087,0.104,0.089,0.089,0.091,0.089,0.106,0.087,0.109,0.088,0.088,0.089,0.092,0.095,0.09,0.09,0.091,0.088,0.088,0.099,0.089,0.105,0.096,0.089,0.087,0.089,0.089,0.091,0.106,0.103,0.098,0.095,0.09,0.091,0.095,0.095,0.093,0.089,0.093,0.094,0.094,0.088,0.094,0.092,0.092,0.091,0.089,0.09,0.092,0.089,0.094,0.091,0.099,0.114,0.103,0.096,0.091,0.094,0.107,0.105,0.091,0.091,0.092,0.099,0.103,0.094,0.169,0.096,0.093,0.106,0.096,0.103,0.092,0.163,0.092,0.094,0.096
0.783,OD600,1.238,0.947,0.588,0.5,0.31,0.228,0.157,0.175,1.566,1.103,0.594,0.509,0.446,0.349,0.196,0.263,0.1,0.095,0.098,0.096,0.096,0.092,0.097,0.093,1.468,1.072,0.626,0.489,0.379,0.223,0.165,0.135,1.127,0.762,0.514,0.477,0.394,0.246,0.2,0.143,0.121,0.098,0.098,0.095,0.101,0.093,0.094,0.098,0.088,0.31,0.175,0.213,0.197,0.25,0.254,0.22,0.147,0.131,0.122,0.094,0.269,0.272,0.283,0.297,0.291,0.413,0.327,0.363,0.334,0.491,0.458,0.114,0.086,0.163,0.144,0.209,0.198,0.23,0.22,0.264,0.257,0.306,0.282,0.313,0.3,0.267,0.313,0.324,0.402,0.323,0.301,0.314,0.283,0.371,0.38,0.146,0.087,0.24,0.229,0.311,0.304,0.31,0.334,0.257,0.285,0.302,0.281,0.318,0.325,0.307,0.301,0.309,0.337,0.368,0.434,0.372,0.405,0.481,0.486,0.105,0.091,0.128,0.112,0.163,0.206,0.203,0.187,0.203,0.208,0.214,0.184,0.294,0.271,0.251,0.361,0.328,0.379,0.405,0.315,0.368,0.31,0.415,0.476,0.117,0.102,0.205,0.183,0.231,0.224,0.22,0.223,0.246,0.231,0.247,0.26,0.246,0.263,0.264,0.274,0.264,0.304,0.305,0.312,0.356,0.345,0.409,0.478,0.102,0.093,0.233,0.177,0.201,0.216,0.235,0.241,0.231,0.239,0.269,0.253,0.274,0.26,0.32,0.277,0.287,0.29,0.29,0.311,0.359,0.381,0.489,0.53,0.113,0.091,0.306,0.242,0.331,0.306,0.296,0.304,0.284,0.289,0.297,0.32,0.326,0.364,0.375,0.31,0.307,0.302,0.3,0.339,0.393,0.406,0.547,0.469,0.098,0.09,0.128,0.354,0.308,0.328,0.354,0.267,0.297,0.353,0.299,0.299,0.34,0.322,0.366,0.338,0.332,0.331,0.353,0.329,0.367,0.412,0.449,0.429,0.173,0.095,0.108,0.091,0.096,0.092,0.145,0.173,0.128,0.119,0.111,0.149,0.148,0.175,0.126,0.173,0.186,0.179,0.266,0.342,0.3,0.329,0.448,0.483,0.196,0.089,0.092,0.087,0.098,0.088,0.092,0.091,0.088,0.088,0.093,0.087,0.087,0.088,0.09,0.088,0.095,0.092,0.085,0.089,0.093,0.089,0.088,0.093,0.093,0.108,0.089,0.095,0.088,0.092,0.092,0.088,0.086,0.089,0.091,0.096,0.087,0.087,0.097,0.091,0.087,0.09,0.089,0.09,0.087,0.106,0.088,0.089,0.091,0.089,0.105,0.087,0.109,0.088,0.088,0.089,0.092,0.095,0.09,0.09,0.091,0.088,0.088,0.099,0.089,0.105,0.096,0.089,0.087,0.089,0.089,0.091,0.106,0.104,0.097,0.095,0.09,0.091,0.095,0.095,0.093,0.09,0.093,0.094,0.094,0.088,0.094,0.092,0.092,0.09,0.089,0.09,0.092,0.089,0.093,0.091,0.099,0.115,0.103,0.097,0.092,0.094,0.107,0.105,0.091,0.091,0.092,0.099,0.103,0.094,0.17,0.096,0.092,0.105,0.096,0.103,0.092,0.163,0.092,0.094,0.096
0.033,CFP,7216,4270,2426,2183,1421,955,541,370,191,161,113,114,96,81,75,68,81,60,61,63,72,67,74,77,11299,7063,4291,3396,2156,1351,871,554,180,138,96,89,78,72,75,71,70,64,70,74,51,72,74,78,67,111,69,70,83,77,78,93,81,87,81,73,72,74,78,73,76,87,85,107,74,84,104,96,69,78,71,79,68,70,74,66,77,78,78,82,59,95,78,77,79,71,70,74,88,93,78,85,71,90,76,85,100,88,96,82,117,113,110,103,106,101,92,106,98,107,104,98,86,92,108,71,59,75,69,68,64,69,69,78,53,68,72,65,69,71,77,73,83,109,73,72,77,75,83,66,64,78,80,68,77,66,71,74,76,74,69,73,77,71,74,76,76,69,70,72,86,79,77,53,69,225,116,72,70,75,78,67,70,81,70,80,73,70,65,63,75,76,74,71,76,390,86,70,70,221,100,92,100,83,84,72,76,73,76,80,75,69,84,76,88,81,95,79,72,70,70,70,73,93,98,75,90,79,78,79,77,94,83,84,75,77,79,77,71,71,78,70,78,79,73,203,75,87,78,63,64,70,74,83,67,64,75,92,69,73,67,70,70,71,73,76,65,71,65,176,74,68,62,60,62,104,75,69,61,70,62,65,67,62,58,70,60,63,64,61,62,92,58,69,78,93,78,82,80,57,68,57,66,65,55,73,71,70,60,65,64,71,72,58,68,76,69,60,76,74,60,73,73,72,74,82,79,79,75,76,76,76,68,71,79,76,78,70,67,65,75,77,100,102,97,59,72,78,84,96,77,102,85,77,83,79,82,72,74,97,77,76,85,80,86,77,118,91,98,102,91,171,237,77,95,145,93,274,112,121,90,79,87,95,86,83,89,97,86,98
0.075,CFP,8695,6033,3407,3353,2269,1610,929,643,189,170,131,126,112,90,74,72,89,65,59,68,52,62,67,81,11712,8500,5528,4456,2942,1887,1293,804,213,168,117,113,110,88,82,71,76,66,76,66,61,65,68,77,64,111,81,77,89,85,85,96,90,94,90,93,74,77,72,73,78,83,80,105,74,81,100,93,62,82,67,69,58,71,73,62,73,71,63,63,77,107,79,64,71,75,74,75,77,94,71,71,58,84,94,110,117,110,114,106,124,129,120,125,131,120,120,119,113,111,129,119,124,122,119,70,62,70,68,69,64,75,65,65,65,72,66,66,73,70,80,77,80,95,74,69,62,70,82,61,69,72,77,76,69,75,69,69,67,83,92,81,77,78,73,82,75,76,79,77,90,75,66,54,71,220,123,74,74,87,75,62,73,73,76,70,60,84,61,76,81,79,79,70,82,360,96,59,80,220,101,95,111,100,104,77,94,93,90,92,85,78,97,82,84,86,94,88,88,84,66,71,80,93,103,95,101,93,92,86,91,98,98,95,77,91,82,85,84,85,85,95,97,92,88,190,69,86,71,81,64,68,70,78,88,69,69,89,76,75,60,65,72,62,66,71,63,65,61,174,63,67,69,57,69,106,77,62,60,59,57,66,52,67,55,71,56,61,69,59,53,77,54,57,75,85,89,74,83,73,68,56,58,68,64,61,62,79,61,65,67,69,68,61,58,71,69,68,70,95,66,60,81,68,71,81,72,66,69,74,74,62,70,67,69,69,68,57,69,74,71,73,96,104,92,64,66,81,81,97,79,100,75,82,78,82,82,66,81,87,75,75,97,90,83,74,121,98,104,93,88,178,225,81,86,157,89,292,122,127,85,79,87,93,77,81,93,96,83,113
0.117,CFP,8750,7670,4056,3954,2943,2092,1244,888,206,182,168,156,120,113,85,77,83,57,51,63,61,57,76,61,11228,9302,6199,5158,3496,2331,1635,1031,245,191,145,155,129,107,91,85,81,59,81,70,50,62,65,78,67,123,87,106,97,102,99,111,102,107,103,102,83,84,87,85,82,102,78,110,85,101,96,86,59,79,70,64,65,75,72,71,73,75,73,76,69,98,69,73,71,73,78,72,79,86,72,67,72,105,107,133,149,129,152,150,180,168,166,168,144,153,147,166,152,134,158,151,167,162,170,69,64,64,70,75,58,78,63,67,57,72,65,65,60,65,65,75,76,96,65,81,69,80,89,65,57,72,86,74,72,75,84,87,89,85,86,87,79,74,77,78,90,83,76,79,86,82,87,57,72,241,136,93,93,96,85,75,80,83,76,84,72,80,80,86,87,86,86,79,86,363,103,61,70,240,116,114,132,110,115,93,102,108,100,107,88,88,117,102,98,105,100,110,99,113,80,68,81,101,120,113,112,109,112,93,96,116,110,98,84,102,96,93,101,95,100,111,99,116,108,171,69,87,75,75,73,61,69,76,69,68,70,85,66,72,64,59,73,68,71,70,60,71,62,183,64,66,59,66,72,102,73,68,75,65,54,61,62,64,60,62,64,60,54,74,62,81,69,54,79,82,91,68,77,68,62,56,67,64,65,66,72,66,67,60,69,59,64,65,63,60,66,62,73,85,60,69,77,69,72,66,75,73,79,76,83,63,67,66,85,73,70,70,71,64,78,81,96,115,109,68,68,84,74,98,74,104,77,84,88,78,77,76,89,90,75,80,85,85,92,78,119,91,97,93,86,173,225,79,87,147,90,265,126,133,89,77,89,102,71,86,95,92,83,98
0.158,CFP,8420,7981,4517,4410,3288,2494,1496,1099,219,183,194,188,144,129,96,88,95,55,53,58,56,56,68,61,10893,9444,6926,5461,3866,2632,1853,1212,246,207,163,185,168,130,123,96,69,59,65,72,58,69,71,68,73,142,97,129,114,110,113,128,103,108,102,99,105,88,104,95,95,124,102,139,98,120,131,94,72,75,73,72,67,70,71,64,74,73,76,68,72,98,77,72,76,76,79,71,75,95,78,74,67,130,135,170,188,177,219,204,236,240,230,235,206,225,215,239,243,225,248,244,248,276,260,78,56,59,72,69,65,68,67,63,67,69,78,70,79,64,84,80,89,88,72,73,62,79,83,64,69,88,90,75,84,71,96,97,101,98,95,102,95,82,92,84,92,91,91,90,107,106,104,59,70,257,150,108,102,106,92,76,86,95,87,99,93,89,86,96,96,89,93,101,103,378,120,74,73,267,149,155,163,146,161,125,124,142,129,139,127,116,151,129,120,147,149,166,134,152,126,60,79,114,141,143,150,154,143,118,126,148,152,134,129,134,129,128,116,129,133,155,156,162,148,183,81,80,79,57,72,60,74,82,75,70,65,87,65,74,72,66,69,73,62,79,68,63,65,183,63,67,69,60,68,104,69,75,69,62,65,66,56,71,59,70,64,62,64,68,56,79,57,68,81,90,84,78,75,67,75,64,65,63,70,68,73,78,66,65,66,68,56,58,57,71,67,64,71,88,80,68,77,61,63,72,73,74,68,69,85,71,79,71,82,66,61,71,74,73,67,83,98,102,94,63,65,80,81,99,67,109,81,80,79,73,75,67,85,85,83,83,90,89,90,76,119,87,99,92,83,167,220,84,92,149,86,267,127,126,88,75,89,97,84,82,83,91,78,80
0.200,CFP,8208,7821,4795,4593,3408,2752,1724,1221,226,194,208,208,168,129,116,107,77,56,57,59,54,58,69,69,10581,9220,7407,5707,4126,2805,2056,1365,251,239,197,218,192,160,129,102,73,62,74,77,66,64,62,75,66,169,131,145,144,136,136,114,97,108,106,106,116,115,120,118,126,174,124,165,133,197,179,92,61,79,68,69,66,76,76,71,76,76,73,73,68,106,77,79,73,73,70,75,82,90,75,74,62,182,187,266,284,264,325,313,370,365,353,354,353,350,347,384,387,371,432,398,431,506,491,70,67,75,72,79,64,58,80,72,69,77,70,80,69,76,76,80,85,103,70,66,61,82,83,61,62,101,99,98,91,109,113,128,131,123,128,140,123,107,104,111,112,114,96,112,124,140,154,59,73,264,162,131,132,137,117,97,111,107,96,118,116,111,105,111,121,121,127,140,135,420,161,61,71,336,209,225,238,214,244,176,194,209,188,195,184,161,219,210,177,220,222,261,216,253,205,65,82,120,185,209,221,227,194,152,150,219,206,197,180,200,201,172,185,208,187,253,253,293,239,175,76,81,76,66,74,65,67,72,75,66,64,86,74,74,67,64,71,68,66,65,61,61,67,189,68,75,73,59,56,101,60,61,55,74,63,62,56,63,65,75,64,68,71,63,77,85,63,75,71,97,79,75,78,59,66,57,71,76,60,76,65,71,57,57,70,71,73,65,60,69,69,67,73,89,74,72,73,70,65,73,75,76,68,81,84,72,64,73,83,70,67,81,68,69,64,78,103,112,94,66,69,78,84,118,82,106,70,75,91,74,66,76,75,96,72,80,93,89,94,67,121,89,103,104,89,174,216,81,84,158,83,278,135,136,95,90,96,105,72,82,89,103,80,81
0.242,CFP,8055,7717,5079,4752,3558,2952,1831,1402,230,211,231,226,181,158,120,127,80,59,47,62,66,69,70,71,10356,8934,7775,6081,4086,2936,2191,1473,270,244,216,263,228,172,146,118,67,56,74,67,61,70,59,65,59,243,172,209,194,156,153,129,110,112,111,121,154,159,163,188,187,288,208,249,223,335,331,96,60,73,80,74,71,79,70,77,84,89,82,78,86,102,77,78,81,83,85,81,89,105,86,81,73,253,286,422,447,422,528,494,569,582,575,572,575,598,583,641,627,599,654,663,689,776,767,77,60,80,66,62,68,72,79,72,73,79,74,76,62,71,70,79,91,104,80,72,73,83,88,53,69,135,130,114,136,149,167,169,166,184,180,184,168,154,139,148,175,146,150,172,183,241,235,52,68,309,197,179,181,191,157,140,121,142,120,169,167,122,148,162,171,182,190,221,203,501,287,63,82,396,306,362,365,335,403,269,293,331,283,325,267,270,359,327,275,390,384,465,387,437,396,68,71,134,270,343,355,377,294,229,254,354,356,303,283,324,320,300,300,348,329,444,452,507,455,179,73,92,72,68,70,71,70,82,70,63,84,89,65,83,64,68,78,72,64,80,67,70,63,178,67,78,63,59,50,100,81,67,53,69,61,63,61,62,66,68,67,66,65,65,61,82,63,58,65,90,85,70,70,64,61,65,69,65,65,71,76,71,72,63,62,64,69,66,69,65,65,65,76,86,65,70,78,69,71,75,73,71,72,79,77,70,78,69,77,79,66,75,72,66,71,79,99,105,95,68,66,76,78,112,83,109,79,74,82,77,80,76,78,93,74,77,94,102,81,64,122,100,88,100,91,159,203,80,83,151,83,272,132,135,77,83,87,106,73,82,192,99,73,90
0.283,CFP,7962,7534,5116,4970,3627,3147,2011,1556,241,209,250,259,195,157,121,125,75,56,63,59,51,64,60,62,10126,8585,7849,6359,4191,3006,2309,1565,274,243,239,286,260,212,168,135,79,65,68,73,50,63,67,69,69,379,238,303,257,220,183,144,116,115,114,123,235,242,259,292,306,490,365,418,379,582,623,84,69,76,79,81,82,76,85,80,81,82,88,85,87,110,89,92,80,83,85,83,95,95,93,74,68,366,415,609,676,637,744,705,802,826,783,813,817,851,801,871,861,813,877,910,939,1110,1128,71,62,67,74,78,68,75,90,80,68,81,77,77,71,78,85,92,87,113,69,72,75,80,97,58,66,187,170,161,199,233,254,245,267,253,263,266,249,235,220,230,263,247,226,270,304,391,402,58,69,360,258,261,271,295,254,190,188,221,152,274,267,148,234,278,271,307,334,385,335,610,538,56,80,512,427,550,522,513,585,416,492,529,423,533,442,427,537,520,440,570,594,715,598,679,689,70,81,147,413,516,554,572,431,359,412,556,574,471,473,516,532,485,505,559,529,643,685,777,733,180,68,89,74,73,67,81,72,77,69,70,67,89,67,71,66,66,73,77,69,77,64,72,68,186,71,70,58,59,72,100,73,73,68,69,60,70,59,67,59,72,69,63,65,63,63,80,57,70,77,100,90,71,78,72,65,61,58,73,66,61,71,71,64,59,65,61,71,71,72,77,71,55,78,89,76,72,81,65,84,67,78,76,75,85,83,73,77,79,80,73,75,69,73,79,71,84,94,110,103,69,72,80,74,96,86,111,74,90,89,83,78,66,80,94,76,73,93,101,77,63,117,93,92,105,82,161,199,82,86,162,92,282,131,131,82,81,88,104,73,75,214,97,79,81
0.325,CFP,7778,7437,5000,5265,3758,3298,2123,1589,265,226,250,301,219,178,135,136,72,57,56,59,47,61,58,57,10192,8453,7682,6482,4214,2871,2340,1612,292,253,248,305,298,240,178,138,80,55,70,65,64,69,59,66,65,502,328,419,356,252,216,150,126,115,123,121,373,377,439,496,495,681,574,656,608,821,992,77,59,80,84,87,88,86,88,95,96,109,91,87,98,119,104,112,101,96,96,102,106,109,100,79,66,506,571,796,850,851,968,901,1004,1099,1024,1017,1063,1081,1022,1114,1071,1095,1171,1165,1259,1489,1531,79,57,72,66,74,78,73,81,86,74,71,83,90,88,82,86,88,108,110,83,89,89,91,98,70,69,250,238,242,309,335,359,376,363,361,376,399,395,354,326,351,391,380,355,408,447,551,633,59,67,432,323,362,388,410,382,296,293,360,201,411,376,212,347,420,398,444,513,529,492,798,932,55,84,643,561,738,699,685,759,603,661,738,601,722,626,607,719,711,603,741,783,966,863,929,1062,65,69,166,593,701,747,782,558,541,601,731,774,655,637,706,735,695,709,718,735,868,907,1104,1136,160,73,88,83,62,71,73,76,84,79,75,68,94,61,65,74,67,73,73,66,78,78,80,74,187,65,68,71,56,72,102,74,68,59,72,57,61,63,66,66,64,66,68,68,67,52,87,61,60,72,89,85,75,75,66,58,67,62,72,63,69,67,67,65,61,65,68,64,63,64,66,79,55,74,83,62,66,75,64,75,76,80,83,77,77,83,69,81,76,83,73,76,63,72,79,68,77,102,101,102,71,78,82,80,107,80,105,66,77,88,78,76,74,87,100,87,80,113,92,87,63,116,100,95,95,86,145,206,78,87,163,84,281,132,135,89,76,85,103,80,84,330,90,64,81
0.367,CFP,7681,7286,4809,5482,3912,3399,2258,1687,270,239,247,320,244,195,134,143,72,50,55,49,61,55,57,53,10031,8264,7600,6558,4263,2981,2411,1653,294,260,248,322,322,266,191,143,72,59,72,77,60,71,61,66,59,669,413,554,497,298,234,160,138,124,112,123,566,582,630,722,702,929,804,906,895,1161,1477,82,69,90,78,90,87,95,97,106,106,106,98,106,114,134,111,116,104,115,106,106,110,128,117,79,64,638,677,953,1031,1083,1144,1060,1172,1292,1203,1199,1263,1258,1248,1326,1318,1303,1472,1531,1620,2045,2171,68,68,77,86,83,86,86,100,82,78,97,94,105,86,96,98,100,123,134,102,98,97,96,106,55,74,324,319,348,436,462,490,533,502,493,510,528,572,514,438,469,542,531,472,584,614,701,941,45,73,519,365,474,513,560,504,429,437,480,257,585,542,258,520,599,577,580,651,686,694,1006,1425,58,72,735,666,899,826,854,905,753,847,856,728,886,776,786,887,883,764,937,975,1291,1183,1393,1479,63,78,180,808,837,892,949,698,752,775,940,983,804,823,891,924,887,912,942,995,1121,1195,1566,1563,149,70,78,72,70,85,71,70,83,87,79,76,84,69,77,64,66,73,82,74,79,85,90,78,169,64,69,62,64,63,108,75,74,63,69,65,67,69,69,64,65,64,54,67,66,61,77,63,59,79,86,85,70,67,72,69,56,65,66,63,59,67,74,58,64,63,63,66,67,63,62,63,58,66,85,73,79,72,79,85,64,78,76,81,73,80,69,78,76,79,80,75,60,65,76,66,66,107,114,98,63,67,88,82,106,86,113,84,87,73,79,76,68,79,92,83,76,93,89,89,68,121,103,91,90,78,154,195,83,84,159,92,292,122,134,80,77,88,111,85,70,276,88,75,94
0.408,CFP,7513,7153,4654,5634,4141,3438,2125,1754,294,235,256,355,264,211,147,147,75,51,57,62,45,56,65,55,9999,8061,7440,6601,4405,2988,2376,1579,313,271,249,339,338,279,216,146,79,61,65,68,58,73,58,65,64,777,481,684,603,334,235,144,128,117,121,116,735,795,830,903,881,1182,1049,1165,1179,1642,1958,88,60,93,97,88,103,102,95,117,122,122,137,123,145,160,122,139,133,134,128,135,129,157,139,66,72,689,764,1101,1175,1267,1316,1207,1348,1511,1334,1317,1403,1457,1369,1490,1552,1578,1711,1829,1844,2609,2802,65,65,88,85,93,94,92,97,99,99,98,99,126,92,99,116,112,137,164,125,117,122,122,130,54,70,406,364,433,527,547,577,648,590,601,628,636,706,647,573,596,689,656,627,716,849,947,1288,44,75,571,439,555,615,673,611,541,568,611,329,717,685,309,653,743,718,759,811,846,880,1361,1961,48,75,831,738,1014,956,980,1061,883,965,1004,835,1040,908,966,1057,1025,903,1081,1179,1647,1500,1863,1885,67,76,206,987,982,1031,1110,796,922,971,1130,1138,993,967,1083,1120,1072,1140,1147,1204,1499,1524,2124,2030,125,62,90,76,72,64,75,78,83,85,76,75,88,73,77,69,71,74,76,75,86,88,104,96,164,67,67,61,55,73,104,62,71,69,66,65,69,60,62,63,70,61,63,53,74,57,82,68,52,81,97,83,77,87,69,70,63,64,67,75,66,73,73,78,59,69,63,70,59,70,67,59,59,80,90,72,69,73,78,70,75,81,77,70,80,89,74,79,79,81,76,73,71,70,72,74,71,105,113,99,72,74,78,84,108,80,111,79,81,90,78,75,65,83,100,70,84,105,105,88,65,124,89,94,94,83,144,191,84,90,173,85,283,126,129,70,64,88,110,82,79,348,83,71,88
0.450,CFP,7374,7061,4599,5702,4238,3239,2123,1811,281,239,264,359,291,213,156,170,63,53,49,54,55,57,53,60,9987,7923,7316,6616,4542,2971,2430,1588,315,283,256,351,366,302,220,163,73,59,66,64,57,68,74,62,60,888,548,796,690,372,254,155,124,119,118,118,867,934,965,1109,1050,1424,1251,1418,1395,2148,2405,85,62,99,104,108,111,132,126,141,142,139,145,144,157,184,149,164,167,165,171,169,166,171,162,78,65,758,866,1195,1305,1465,1425,1304,1442,1627,1398,1419,1499,1536,1470,1634,1708,1784,1972,2072,2149,3069,3186,74,65,93,85,106,98,110,117,111,105,114,110,138,114,123,141,139,171,204,146,146,158,144,173,61,68,461,439,530,616,660,692,729,687,728,724,763,814,755,707,716,872,790,788,962,1044,1430,1566,50,64,633,484,643,692,734,723,644,669,791,414,873,823,353,752,892,843,899,931,1110,1143,1743,2435,49,72,885,829,1157,1024,1089,1182,967,1107,1138,882,1193,1056,1104,1183,1167,1044,1282,1324,1896,1739,2349,2172,63,84,223,1148,1069,1153,1252,867,1120,1093,1277,1221,1088,1127,1282,1252,1273,1340,1357,1396,1793,1814,2658,2519,123,78,81,74,73,70,76,76,85,84,60,78,84,67,73,77,71,77,88,85,90,107,153,128,152,77,64,71,62,64,94,78,66,59,73,60,65,64,63,71,82,66,69,65,68,61,75,54,51,85,96,87,75,85,62,53,66,64,73,64,68,68,66,65,61,67,63,65,74,60,69,58,54,64,94,79,68,78,75,75,76,77,78,80,75,87,73,74,75,84,84,70,81,70,71,72,66,100,108,91,73,72,87,80,112,93,101,78,84,86,75,86,69,83,96,80,80,96,96,89,67,126,87,93,92,77,137,193,89,93,154,84,267,122,124,75,71,93,114,74,80,360,86,85,81
0.492,CFP,7328,6954,4581,5758,4423,3301,2166,1768,306,236,260,381,312,237,158,171,68,56,46,49,59,62,61,64,9872,7749,7268,6585,4667,3018,2532,1617,322,296,262,360,407,311,222,170,76,52,66,65,56,67,50,64,59,971,610,846,738,380,279,142,134,128,119,124,988,1056,1110,1253,1208,1652,1396,1665,1651,2619,2774,80,62,107,103,122,137,142,134,168,168,147,173,176,184,220,164,206,206,206,203,207,197,213,205,75,70,834,912,1296,1411,1548,1525,1338,1493,1738,1462,1497,1579,1650,1548,1735,1841,1927,2125,2203,2364,3235,3155,78,66,101,99,126,109,136,144,121,114,151,120,179,122,146,171,173,224,249,184,179,201,203,222,60,70,492,484,562,694,732,737,796,759,762,798,850,940,879,828,833,1024,950,930,1194,1286,1898,1748,55,68,678,496,686,730,792,802,694,766,844,442,961,934,396,872,1036,974,1070,1110,1377,1381,2115,2716,62,70,979,882,1227,1107,1195,1272,1024,1176,1216,963,1284,1132,1226,1306,1321,1177,1406,1469,2094,2013,2703,2197,62,84,251,1347,1168,1280,1341,921,1269,1221,1385,1316,1179,1246,1425,1350,1398,1498,1459,1497,1930,1968,2965,2792,120,73,77,81,77,76,75,77,92,77,82,83,89,79,75,81,77,79,111,114,130,135,261,223,148,66,70,64,70,62,107,72,64,69,62,62,74,70,64,61,68,60,59,60,64,64,71,58,60,70,94,80,76,79,61,69,61,54,83,64,67,70,74,64,67,67,69,65,69,59,74,71,62,76,100,85,64,70,67,69,78,77,73,71,81,85,72,77,77,76,73,80,63,69,72,72,74,111,113,95,74,72,78,92,106,87,108,75,76,88,77,74,73,82,97,77,78,95,85,86,63,132,92,101,102,79,138,184,82,83,160,86,267,127,137,73,73,84,117,75,69,403,90,84,89
0.533,CFP,7139,6791,4505,5601,4600,3403,2097,1774,312,235,254,400,340,241,156,183,65,57,58,53,49,60,62,61,9923,7668,7123,6533,4801,3037,2543,1680,328,294,259,369,442,354,235,181,72,55,69,57,62,64,65,64,65,1025,657,914,783,422,297,150,132,124,120,121,1096,1182,1220,1363,1352,1842,1572,1805,1832,2899,2764,82,65,131,108,140,148,157,168,196,193,164,193,207,202,249,192,254,244,264,241,251,236,271,232,69,64,864,964,1402,1485,1612,1555,1367,1516,1766,1519,1580,1661,1725,1635,1816,1962,1976,2198,2271,2461,3156,3021,74,59,117,108,144,143,160,158,151,152,168,124,216,153,174,221,202,274,354,229,264,262,268,298,53,76,560,534,619,742,782,799,853,797,831,958,879,1004,973,912,939,1142,1065,1012,1401,1456,2289,1815,49,62,696,499,717,791,838,843,726,826,875,502,1034,1024,473,915,1130,1080,1192,1237,1588,1636,2426,2746,58,70,977,910,1334,1180,1262,1358,1084,1231,1275,1028,1351,1200,1349,1371,1393,1280,1475,1618,2214,2252,2843,2119,67,79,292,1445,1275,1360,1431,963,1425,1311,1486,1406,1247,1290,1540,1448,1494,1598,1590,1596,2063,2123,2951,2799,120,77,87,83,75,74,79,78,90,95,69,83,96,77,71,83,82,89,133,150,200,221,453,397,151,74,64,66,69,65,96,71,71,63,68,64,64,61,65,61,66,60,64,66,68,63,73,56,53,78,101,92,76,68,63,66,63,58,79,59,66,68,64,59,64,68,66,62,70,66,69,66,55,75,100,67,73,64,67,74,72,82,81,80,71,79,75,72,79,74,73,70,75,76,72,77,60,95,109,101,77,67,77,76,102,84,118,81,78,92,75,82,70,79,98,73,78,98,92,87,68,121,96,90,91,86,134,194,84,95,163,83,279,125,134,75,75,87,101,71,74,447,88,77,93
0.575,CFP,7003,6740,4258,5472,4783,3515,2061,1744,321,238,261,405,359,267,170,194,63,52,55,56,51,52,58,50,9937,7652,6966,6504,4939,3147,2537,1626,343,292,260,388,465,384,253,185,65,55,62,69,60,64,61,67,61,1064,652,953,786,457,318,170,135,125,127,104,1169,1269,1319,1452,1465,1937,1695,1917,1817,2956,2599,88,63,133,114,168,162,178,178,227,218,186,212,214,232,288,224,299,301,316,290,303,295,319,281,73,64,930,1007,1461,1538,1648,1618,1397,1548,1798,1559,1660,1701,1797,1721,1879,1992,2097,2312,2284,2527,3049,2958,78,67,125,116,159,179,184,188,170,168,184,152,260,187,199,277,257,337,477,292,340,340,357,372,60,76,578,564,662,796,808,821,867,835,889,936,904,1103,1067,1011,1036,1204,1191,1108,1582,1578,2411,1794,54,62,726,539,764,824,884,867,787,894,991,529,1073,1125,512,1014,1210,1183,1268,1344,1676,1747,2508,2695,55,75,1012,963,1352,1210,1312,1406,1121,1277,1320,1163,1385,1302,1480,1455,1433,1338,1532,1700,2213,2351,2984,2093,52,75,325,1563,1281,1429,1489,1041,1516,1387,1559,1470,1303,1350,1676,1493,1606,1693,1650,1638,2060,2222,2832,2733,116,74,97,86,73,69,83,83,97,90,84,97,111,98,89,88,103,109,206,258,316,328,721,669,129,69,70,79,62,66,107,76,71,60,69,63,76,66,59,58,69,66,64,62,70,65,76,62,57,76,94,87,78,79,71,65,61,63,74,64,66,70,74,68,63,66,62,73,65,54,67,71,55,78,105,70,74,72,79,74,76,86,76,77,78,91,79,85,72,77,79,83,74,75,70,74,69,104,100,101,74,77,89,78,118,93,120,90,81,88,81,69,77,86,90,79,89,108,99,74,62,121,99,86,101,75,136,192,87,91,165,99,263,112,139,76,69,91,124,79,82,480,87,83,77
0.617,CFP,6973,6663,4170,5486,5016,3654,2065,1760,318,240,262,417,378,280,182,199,69,52,57,52,50,48,63,55,9927,7563,6953,6427,5134,3253,2545,1715,350,302,269,392,486,401,271,198,81,65,64,59,62,63,59,70,56,1084,701,1014,822,521,393,189,142,120,116,121,1217,1345,1360,1504,1581,2006,1808,1940,1814,2969,2574,81,68,148,132,178,180,198,189,267,233,205,237,238,268,324,254,345,349,353,334,375,329,361,296,76,61,970,1068,1492,1568,1689,1652,1390,1583,1845,1559,1688,1762,1871,1796,1887,2061,2157,2410,2323,2541,3037,2939,65,71,154,115,187,233,232,211,187,191,232,161,286,230,238,331,312,390,603,354,441,447,446,434,56,76,605,587,683,819,820,850,911,834,868,1010,947,1081,1123,1029,1089,1260,1265,1125,1635,1651,2371,1781,48,71,746,557,767,843,914,912,806,897,1008,583,1128,1181,556,1061,1267,1266,1346,1443,1752,1908,2584,2683,60,74,1052,976,1424,1235,1377,1426,1193,1334,1371,1255,1453,1406,1630,1505,1509,1386,1578,1727,2190,2451,3108,2148,72,80,358,1636,1335,1486,1532,1100,1555,1418,1623,1508,1341,1415,1787,1559,1633,1705,1724,1685,2138,2294,2856,2757,125,71,92,89,76,75,91,93,99,99,85,106,119,111,92,118,130,146,300,399,473,514,1029,1048,127,68,71,75,64,63,105,74,70,70,62,64,64,58,73,69,63,63,62,64,61,65,84,66,59,80,96,85,82,72,61,71,63,71,75,68,71,66,70,76,57,57,60,68,65,71,65,65,48,75,96,67,71,72,73,70,76,80,75,72,83,82,79,77,71,83,78,71,75,63,69,65,61,109,114,108,71,71,82,83,113,91,117,72,81,86,74,75,72,74,99,76,76,109,95,80,62,125,97,85,96,83,142,191,87,100,165,85,258,109,130,85,70,91,106,75,70,527,82,80,81
0.658,CFP,6869,6612,4175,5425,5165,3777,2026,1742,339,238,247,422,398,285,188,215,59,47,49,48,56,61,55,55,10055,7508,6877,6416,5177,3385,2574,1698,363,306,271,401,520,420,286,218,72,61,67,68,63,69,57,67,64,1103,721,1019,833,569,492,226,161,128,116,111,1295,1407,1448,1546,1634,2086,1859,1899,1762,3030,2599,81,68,182,132,196,191,214,204,282,263,217,260,260,299,339,280,411,401,416,374,421,376,403,334,63,69,997,1050,1511,1580,1684,1660,1412,1607,1867,1579,1774,1810,1899,1830,1981,2135,2195,2469,2333,2571,3054,2912,69,66,157,131,221,301,311,234,220,214,257,191,324,303,271,407,358,470,769,407,564,542,575,484,55,73,641,587,711,826,854,840,943,874,921,1027,1016,1165,1183,1038,1122,1301,1328,1166,1644,1678,2284,1818,49,67,762,548,805,860,939,926,853,963,1060,622,1164,1206,605,1117,1262,1295,1386,1479,1737,2009,2621,2695,48,75,1088,993,1455,1279,1359,1450,1262,1398,1424,1377,1542,1503,1780,1564,1592,1474,1623,1838,2254,2566,3159,2158,61,77,398,1679,1348,1487,1586,1168,1569,1477,1700,1553,1465,1512,1914,1674,1720,1764,1813,1720,2156,2382,2843,2783,109,71,97,87,73,83,113,111,116,111,85,135,138,167,104,163,189,203,423,579,671,708,1394,1449,134,72,73,68,61,58,108,87,72,55,76,58,67,71,68,63,70,59,72,61,70,60,73,61,56,83,98,80,83,81,75,74,65,72,76,71,69,69,74,66,49,67,64,73,64,68,69,62,55,73,96,67,73,75,68,76,79,74,80,64,81,87,65,74,77,81,81,71,67,70,67,69,63,102,122,100,64,70,84,76,119,92,121,71,77,94,77,69,81,76,96,73,86,99,92,83,62,132,89,90,91,82,148,188,90,102,164,92,261,113,127,76,65,93,103,76,79,551,86,80,88
0.700,CFP,6849,6493,4120,5392,5121,3867,1932,1757,325,243,248,412,418,295,194,226,64,52,52,55,57,53,54,56,10071,7487,6775,6328,5419,3463,2566,1698,359,308,279,386,515,456,303,205,61,61,62,67,60,58,58,63,56,1135,720,1061,866,632,626,300,192,132,132,114,1369,1445,1487,1621,1718,2103,1871,1926,1770,3004,2638,75,68,217,139,203,196,220,226,303,277,233,281,288,328,380,318,427,461,450,436,460,429,426,339,62,67,1025,1087,1544,1605,1734,1720,1440,1645,1921,1623,1835,1873,1983,1915,2034,2157,2273,2523,2343,2623,3046,2919,78,58,169,138,256,408,381,267,228,209,277,211,368,444,304,469,398,546,947,464,653,631,647,503,61,72,663,612,741,867,869,877,984,919,952,1047,1046,1208,1199,1129,1216,1364,1375,1153,1724,1753,2244,1827,47,65,773,567,809,872,948,923,856,992,1083,696,1232,1223,700,1150,1285,1310,1430,1522,1747,2070,2704,2705,56,72,1116,1037,1484,1270,1427,1461,1290,1406,1452,1474,1633,1653,2010,1659,1624,1564,1659,1891,2281,2681,3232,2186,55,72,416,1728,1360,1511,1578,1217,1573,1550,1743,1591,1581,1568,2025,1756,1762,1771,1900,1805,2214,2465,2847,2742,112,72,108,85,86,78,149,156,122,120,103,181,186,221,122,245,290,300,590,803,891,921,1786,1903,128,70,76,69,69,65,113,66,74,67,78,76,65,60,63,69,70,57,69,62,69,65,71,62,44,71,89,86,87,82,70,64,70,59,82,64,65,77,66,64,62,57,76,78,70,63,66,64,60,76,95,75,63,83,76,80,82,79,74,73,69,80,66,72,75,75,76,76,68,75,69,79,62,101,121,95,64,65,72,89,111,84,114,68,78,88,72,74,83,90,91,70,76,102,107,85,64,123,94,100,97,77,140,183,82,89,170,93,270,116,127,81,67,97,111,78,79,578,81,77,91
0.742,CFP,6735,6331,4027,5455,5403,3948,1913,1762,341,247,255,417,438,304,191,216,64,52,49,48,54,58,63,50,10189,7375,6678,6249,5364,3514,2558,1719,361,308,266,401,533,478,301,227,63,65,64,64,52,63,56,62,60,1155,737,1067,880,712,797,402,248,149,150,114,1405,1459,1490,1648,1778,2131,1903,1909,1801,3031,2656,69,67,263,153,192,213,239,227,321,306,258,306,321,356,414,346,467,499,490,458,485,453,456,338,71,58,1045,1096,1563,1603,1763,1711,1439,1652,1910,1644,1881,1907,2053,1952,2062,2197,2317,2513,2403,2665,3052,2937,62,63,190,141,279,538,469,275,257,252,296,256,399,597,327,577,441,596,1084,501,709,681,712,523,59,77,665,619,746,859,868,888,1030,927,989,1051,1100,1272,1271,1183,1222,1381,1423,1224,1714,1788,2241,1862,55,67,785,584,817,870,957,927,880,1002,1118,746,1262,1311,742,1174,1340,1367,1451,1557,1783,2136,2677,2723,54,65,1139,1043,1493,1301,1377,1488,1302,1448,1514,1553,1698,1770,2232,1744,1741,1639,1696,1934,2320,2715,3231,2232,65,79,425,1773,1368,1551,1592,1264,1580,1549,1764,1576,1704,1633,2148,1885,1811,1821,1963,1829,2225,2450,2826,2737,106,81,109,84,99,90,226,243,166,145,119,269,233,319,163,363,395,422,747,1023,1094,1164,2238,2332,123,70,72,55,63,71,101,76,70,62,72,72,68,62,59,64,79,55,58,62,73,62,77,64,53,76,97,89,86,79,63,78,63,67,82,74,68,70,69,68,50,60,73,73,59,66,68,63,54,76,99,70,71,78,71,70,78,79,79,73,75,81,67,75,75,81,76,82,69,69,75,73,62,103,118,99,63,66,83,77,113,93,108,67,76,98,81,74,76,87,91,72,71,107,97,72,61,124,88,92,102,80,136,192,86,96,166,95,267,110,128,70,83,94,111,68,78,596,73,76,91
0.783,CFP,6627,6280,3925,5049,5285,4042,1989,1766,332,241,248,406,442,319,205,232,65,53,48,53,46,52,60,53,10337,7342,6579,6137,5228,3586,2595,1738,368,314,259,400,551,497,336,226,65,57,66,65,50,61,61,62,58,1156,754,1095,919,819,979,524,317,188,207,115,1457,1500,1540,1702,1827,2165,1960,1977,1830,2987,2628,76,55,307,153,212,216,247,236,344,310,277,331,346,384,449,377,526,544,515,477,511,459,449,371,68,62,1066,1100,1590,1628,1774,1746,1459,1679,1941,1656,1949,1954,2082,1994,2066,2205,2368,2546,2364,2691,3065,2918,70,64,221,142,280,670,540,290,270,257,315,317,424,842,354,677,479,640,1174,528,724,741,749,548,54,79,673,625,780,885,898,896,1087,957,1001,1104,1171,1319,1320,1166,1261,1415,1466,1246,1759,1819,2231,1891,46,67,781,571,848,893,1014,952,924,1055,1143,804,1325,1365,802,1247,1352,1387,1480,1591,1765,2179,2717,2731,64,80,1132,1069,1516,1290,1424,1483,1364,1458,1539,1606,1757,1883,2382,1773,1802,1681,1748,1989,2346,2746,3286,2214,66,70,448,1800,1376,1546,1616,1274,1585,1570,1783,1607,1758,1719,2249,1944,1853,1909,2031,1851,2267,2482,2837,2717,107,72,147,96,108,96,323,400,240,196,139,373,323,461,246,480,559,559,907,1276,1278,1372,2566,2758,121,63,71,75,72,61,97,72,63,66,71,54,65,62,65,67,63,61,69,63,71,56,79,58,51,81,99,89,74,75,67,64,64,60,82,67,60,72,75,78,63,67,60,75,67,60,68,65,49,81,93,64,71,70,66,78,79,81,85,80,71,87,59,71,66,71,74,74,70,69,75,65,65,109,112,95,60,69,84,84,110,97,116,76,78,85,78,76,71,91,100,77,70,97,96,92,54,112,98,89,91,81,137,184,81,98,170,98,263,116,125,74,80,92,105,72,75,602,75,87,82
0.033,GFP,129,133,56,69,45,40,32,47,16853,11672,6656,5923,3605,2571,1531,1160,83,46,175,36,60,56,244,234,155,117,85,70,54,59,28,37,11795,8330,5158,5126,3335,2059,1304,812,84,71,31,33,84,139,162,472,18,562,30,19,35,19,22,36,41,44,40,46,59,48,19,49,52,190,76,43,170,143,126,451,24,50,46,49,53,55,56,67,76,91,97,90,110,92,125,111,96,98,84,57,151,149,102,205,28,30,21,19,21,23,14,19,33,31,35,11,19,55,67,58,109,51,151,55,139,170,100,77,24,39,24,33,34,35,48,36,34,32,41,48,41,108,96,79,81,128,93,45,64,72,363,241,43,57,58,52,46,61,50,25,34,28,26,25,28,42,80,62,66,92,177,181,220,100,326,88,24,42,34,30,36,32,31,16,25,17,24,26,11,29,27,21,22,22,24,48,35,75,2279,439,20,60,45,45,52,53,52,37,32,24,17,29,29,37,33,34,35,31,41,28,17,31,143,312,24,29,34,30,34,32,35,24,20,13,19,17,19,16,10,18,18,24,13,13,8,24,17,17,14,24,15,3,13,13,6,17,19,7,14,9,10,16,16,14,17,17,15,17,9,16,11,19,25,21,8,11,11,17,13,5,6,18,5,1,10,9,9,6,13,7,8,15,2,6,3,8,21,17,7,6,6,0,12,18,10,14,8,11,3,13,11,13,20,10,18,7,1,3,5,5,14,14,7,17,9,4,8,12,19,14,11,17,11,10,13,14,7,4,11,22,5,11,2,9,14,25,13,13,10,12,13,17,10,20,14,13,14,10,9,9,10,12,14,9,8,11,8,13,25,12,16,18,6,13,23,18,12,27,13,32,28,20,11,8,12,12,13,5,16,12,16,16
0.075,GFP,154,158,77,81,53,51,46,47,15609,11000,6478,5768,3811,2752,1698,1447,113,42,178,37,60,59,224,226,150,148,111,101,65,56,48,37,11221,8154,5549,5530,4027,2793,1807,1215,107,69,33,34,80,121,157,445,23,531,23,25,24,16,15,28,30,36,30,42,63,56,18,55,50,169,78,39,171,143,148,495,24,63,56,53,60,78,75,79,98,105,112,106,133,121,143,138,124,120,93,83,176,167,125,227,25,17,13,13,13,19,12,4,22,30,31,21,8,62,66,57,117,41,176,63,113,177,113,74,26,30,18,28,32,49,43,49,49,49,53,65,53,115,117,84,103,161,89,45,75,88,375,288,34,69,65,64,64,63,62,41,30,35,33,29,39,67,105,76,91,118,187,178,220,111,323,108,19,44,42,43,44,43,38,22,24,28,28,28,23,37,22,29,31,32,43,49,37,79,2288,475,11,66,58,63,54,67,63,39,34,31,28,27,32,35,53,55,43,48,49,30,36,34,148,330,18,39,39,37,39,36,35,26,23,27,15,25,13,23,21,21,26,26,21,28,22,28,25,23,11,33,17,19,12,19,20,17,7,18,15,7,8,24,14,12,12,8,14,12,8,11,8,24,8,20,4,5,11,10,9,15,20,17,12,13,16,13,20,6,19,6,17,4,10,16,6,6,17,23,16,10,12,7,11,12,14,2,7,18,10,8,5,7,19,4,12,16,8,16,1,5,10,13,10,10,8,4,5,5,12,3,6,6,8,12,10,7,6,8,10,15,10,12,2,4,21,17,0,9,1,0,7,8,4,21,9,0,10,15,7,5,1,12,4,18,15,13,13,4,16,15,11,5,4,13,21,10,12,21,17,37,14,10,12,15,21,17,3,16,13,12,6,10
0.117,GFP,161,175,89,94,69,59,44,47,14880,10520,6469,5573,3774,2788,1752,1667,116,33,178,37,54,57,222,211,155,149,120,106,82,70,50,44,10901,8663,6024,6300,4629,3195,2199,1506,110,73,28,37,73,123,167,432,22,525,24,28,19,16,14,23,39,20,33,33,57,48,18,40,62,170,77,43,181,157,158,534,17,73,64,72,76,94,92,116,119,131,146,136,170,152,172,181,149,163,132,113,222,205,171,251,23,13,4,3,18,20,22,14,23,22,21,18,19,58,69,70,122,46,204,65,117,171,109,83,21,48,33,40,42,49,64,63,56,48,56,88,65,129,125,110,130,168,99,57,77,96,415,328,37,84,72,83,94,87,90,45,47,40,40,52,39,85,115,104,116,136,220,191,225,135,363,157,20,57,55,54,56,44,53,35,36,36,28,38,33,45,32,37,39,44,49,46,51,82,2323,535,21,86,80,78,76,90,76,43,37,42,36,36,32,61,63,67,54,61,80,50,39,51,165,340,30,40,46,57,55,43,43,22,36,20,22,34,29,30,27,33,32,33,37,30,27,41,35,18,10,23,18,9,20,22,18,16,14,9,15,12,20,17,15,16,4,16,13,14,12,9,17,24,14,25,13,9,10,4,16,14,8,10,7,8,15,6,6,3,8,8,11,11,9,19,10,6,4,14,10,10,23,7,7,1,5,9,3,3,3,4,5,14,9,14,9,7,6,17,3,7,14,15,11,16,13,7,12,8,14,4,12,19,6,11,14,12,9,8,10,1,11,10,5,1,17,21,4,16,3,11,10,16,5,23,7,16,6,9,5,9,8,13,7,11,14,9,9,11,13,14,13,19,12,16,19,14,17,24,12,29,13,12,14,12,19,11,3,8,13,7,15,20
0.158,GFP,155,172,99,106,80,58,47,48,14449,10151,6572,5466,3673,2766,1791,1840,123,35,183,30,54,44,207,210,144,160,136,134,83,74,50,43,10579,8878,6256,6640,4949,3515,2461,1724,132,79,32,28,73,128,155,445,27,509,22,12,19,13,11,22,28,25,31,29,56,48,15,61,57,174,86,31,174,159,153,549,23,87,89,100,100,122,133,155,167,173,193,189,214,210,218,223,199,196,179,156,258,251,249,285,29,7,12,8,15,15,17,14,26,26,32,18,14,73,70,71,115,50,229,64,110,166,117,96,17,54,41,50,58,68,67,72,77,85,80,110,79,144,143,121,163,196,113,76,97,124,449,395,50,109,103,107,120,122,117,42,48,56,57,56,55,119,146,138,154,160,265,207,252,192,402,200,18,65,65,64,62,71,78,37,42,27,31,41,38,52,47,63,53,56,75,74,63,127,2375,578,24,111,95,112,96,114,111,49,43,37,40,46,46,80,86,94,80,84,107,71,59,86,192,345,18,35,53,68,60,65,55,34,27,39,37,36,31,40,40,51,47,49,45,45,40,56,54,16,19,18,20,15,13,18,14,12,12,19,22,17,10,10,21,21,12,11,9,9,15,10,13,25,15,20,13,12,8,13,12,24,7,9,10,14,5,13,13,7,15,11,11,5,7,13,9,6,9,15,12,10,0,15,12,4,12,1,11,13,11,9,8,18,11,10,8,12,10,11,8,9,16,11,10,10,3,13,16,11,10,11,10,15,10,15,13,3,11,10,12,11,7,11,13,14,16,18,15,9,8,16,8,19,3,15,12,2,8,9,9,5,5,18,6,14,10,11,15,11,15,17,15,9,8,11,19,17,14,22,20,23,9,12,11,12,13,1,6,3,9,16,12,11
0.200,GFP,155,179,115,109,85,65,60,52,13975,9800,6574,5431,3641,2727,1812,1995,135,42,189,35,61,54,209,211,144,159,154,136,87,76,63,42,10372,8732,6495,6783,5111,3678,2654,1918,126,69,35,38,77,131,164,440,21,507,28,21,22,17,21,23,25,27,29,38,50,46,19,55,58,162,76,39,176,162,166,565,28,106,110,130,137,169,165,223,218,209,259,245,275,292,267,293,263,244,241,238,360,338,399,306,21,18,20,18,11,13,20,16,31,26,35,21,21,69,67,71,123,57,228,70,113,154,113,111,20,56,54,51,73,83,111,93,94,113,104,167,101,168,187,144,217,237,142,110,138,188,508,430,49,140,128,154,144,154,159,58,54,62,64,67,66,164,180,183,222,206,310,240,282,276,461,234,19,72,67,91,91,98,87,42,51,48,46,52,47,75,62,90,77,95,107,100,93,184,2382,624,31,123,135,152,122,135,151,51,60,54,58,66,63,105,110,122,114,123,154,103,81,139,259,361,16,35,65,90,81,88,51,36,40,35,36,36,38,57,58,72,66,62,61,62,61,98,85,20,22,31,12,15,10,16,13,15,18,16,8,7,12,15,16,12,16,13,5,5,15,14,22,22,24,27,19,5,18,7,12,6,13,19,13,4,12,10,15,21,10,19,9,10,14,11,5,15,12,19,7,3,10,11,12,13,7,10,15,7,8,6,16,10,11,8,9,6,4,7,3,13,9,14,2,6,7,6,8,11,4,14,5,19,13,8,12,7,13,9,18,13,15,2,9,8,10,17,1,2,15,11,4,6,13,11,11,7,0,8,11,10,11,13,14,14,8,11,9,0,20,6,12,18,18,8,25,13,4,19,6,36,11,14,9,13,8,14,4,10,6,12,9,1
0.242,GFP,153,186,120,116,86,75,58,60,13661,9529,6422,5527,3618,2732,1840,2095,137,47,185,28,62,56,213,206,150,158,149,139,80,81,61,48,10135,8701,6654,6905,5333,3869,2817,2091,123,76,39,46,67,142,176,450,33,485,14,27,37,10,13,20,25,26,37,29,64,47,30,51,66,160,85,35,179,139,159,568,23,116,129,174,178,205,208,290,290,268,319,289,316,419,336,378,365,325,342,346,530,519,665,324,28,6,13,12,21,14,6,20,24,21,36,20,18,68,76,72,129,68,248,74,116,158,118,128,28,80,84,76,109,101,136,124,112,144,120,225,119,205,251,185,290,299,194,146,211,300,648,465,50,180,155,187,220,212,193,77,74,74,87,86,94,222,226,259,319,274,423,301,348,436,556,240,16,104,90,111,116,124,110,54,56,62,54,74,76,105,91,126,122,143,146,150,123,282,2340,665,25,129,128,185,147,171,170,63,66,74,67,81,74,126,136,164,148,156,198,139,97,208,334,356,14,37,83,110,111,111,69,48,62,55,44,48,49,82,70,96,98,97,94,91,77,123,128,22,12,13,15,18,12,10,4,3,13,18,17,15,10,15,18,10,23,3,16,16,6,5,9,19,7,32,7,10,16,2,13,11,7,13,20,10,14,7,19,16,10,14,2,21,3,9,7,8,10,22,12,9,0,6,4,7,1,17,8,8,9,9,11,11,1,9,5,4,6,9,7,12,14,15,17,14,12,1,11,7,11,9,16,17,5,8,13,9,7,11,12,0,5,0,12,11,16,14,20,7,10,3,11,11,16,11,8,6,6,13,11,17,8,14,10,18,16,9,11,10,7,15,13,8,13,20,22,9,10,9,7,32,12,11,12,7,5,12,5,14,14,15,10,9
0.283,GFP,153,176,116,127,98,79,57,53,13506,9257,6298,5647,3586,2715,1853,2199,136,42,182,24,62,50,211,202,157,159,164,152,89,77,48,50,9964,8540,6637,6979,5372,3953,2958,2233,122,78,29,40,63,141,170,433,26,454,23,15,22,7,11,22,24,26,29,39,54,42,19,56,50,153,82,34,174,146,153,581,28,139,153,220,217,250,239,366,333,307,375,354,373,573,405,522,515,420,523,547,775,777,993,338,25,15,20,29,17,28,25,32,35,33,45,34,31,68,82,85,122,68,245,77,116,142,120,138,22,89,90,95,147,146,166,149,150,180,151,306,140,261,323,235,377,397,281,220,337,513,873,497,61,192,176,234,262,299,279,97,80,100,102,107,121,284,285,365,417,345,497,378,421,576,622,248,25,115,109,141,153,162,159,76,76,92,79,103,109,133,121,192,172,215,211,190,167,357,2290,690,21,137,137,200,138,176,187,72,81,81,71,100,86,143,173,188,180,182,218,155,119,247,393,358,20,38,91,123,118,131,70,56,77,54,68,50,66,97,91,117,119,112,101,104,97,153,155,17,19,10,21,16,25,21,5,3,9,16,18,17,11,17,23,11,18,13,6,9,12,20,8,10,13,20,16,8,11,18,4,14,15,8,10,15,5,10,16,5,16,10,7,11,11,11,5,10,13,16,16,5,15,11,12,12,12,13,14,18,10,23,9,6,10,11,1,8,8,13,8,16,2,11,6,6,14,10,12,3,8,10,11,13,15,10,17,10,14,18,3,9,3,7,13,0,10,15,9,3,9,5,8,9,14,17,6,10,18,6,9,16,7,11,6,2,12,15,17,7,18,10,15,13,4,18,23,16,14,15,9,25,18,11,5,12,6,10,13,16,16,10,9,10
0.325,GFP,156,176,119,135,92,86,60,66,12995,9124,6109,5737,3631,2761,1861,2276,127,42,178,24,62,47,211,209,153,151,171,147,94,89,59,57,9858,8477,6566,7088,5379,4030,3049,2326,124,74,32,36,71,143,170,451,20,444,23,22,24,14,15,23,24,34,34,43,54,46,17,60,68,148,83,35,176,129,150,602,25,174,183,253,253,283,268,428,398,333,402,412,420,707,476,650,642,552,583,740,1006,1109,1581,330,39,11,19,16,27,33,31,29,47,40,54,42,36,68,89,84,127,77,258,92,114,169,127,148,20,125,118,133,160,180,202,184,167,212,172,394,168,294,408,288,489,535,404,332,507,768,1123,496,72,205,185,266,277,320,297,114,101,96,110,126,146,302,307,448,472,390,576,412,467,652,736,257,23,119,120,165,169,176,174,81,94,98,96,120,118,181,135,221,194,276,251,214,199,431,2146,708,27,123,134,188,154,180,188,75,88,87,71,100,103,159,186,206,196,191,218,180,131,283,443,363,27,39,103,126,127,130,65,68,94,63,68,56,69,104,98,125,147,123,122,130,108,187,187,21,17,15,19,15,22,12,11,11,7,20,7,16,7,16,10,12,10,7,8,10,9,12,2,22,23,28,12,12,14,16,14,13,10,5,7,7,15,19,6,8,16,16,13,8,7,12,2,8,10,14,10,7,18,14,15,11,2,16,7,12,5,10,9,0,8,15,7,12,10,13,6,12,21,15,8,6,11,4,17,9,10,6,8,9,15,12,10,5,14,9,9,15,14,13,8,5,7,25,9,5,7,13,9,9,4,12,1,24,7,11,13,2,12,15,18,12,0,7,13,1,17,9,10,15,10,19,25,5,8,19,0,29,13,7,17,11,9,13,13,8,13,4,7,6
0.367,GFP,158,170,119,146,105,85,62,65,12612,8983,5973,5762,3716,2751,1865,2341,127,37,191,22,50,50,207,202,159,157,170,162,94,87,62,49,9717,8452,6544,7096,5509,4082,3122,2378,127,72,34,44,65,145,188,439,22,432,19,19,15,9,19,12,21,32,32,45,56,57,26,65,67,141,93,48,170,133,150,590,25,191,183,276,274,320,293,494,465,353,454,456,474,838,528,767,783,654,793,914,1132,1422,1989,351,28,24,17,33,25,46,32,43,49,51,65,52,47,86,89,102,142,90,253,91,125,172,144,149,21,166,122,176,189,220,236,211,196,242,174,503,187,340,516,358,628,659,539,469,711,974,1493,494,68,214,185,272,302,319,318,117,102,109,113,115,163,342,322,444,502,421,634,478,476,753,814,252,18,139,125,162,184,180,196,79,109,105,123,135,130,212,155,261,215,264,244,244,214,468,2012,721,19,129,140,193,147,186,199,86,93,99,78,113,98,178,177,207,203,208,237,213,145,317,473,372,20,31,108,127,123,136,69,75,100,65,82,68,83,119,112,151,152,128,133,129,121,198,211,12,17,23,20,11,12,18,19,10,12,14,10,15,12,23,16,14,10,9,11,12,9,18,15,21,21,27,16,12,17,14,16,13,12,11,16,4,14,9,10,22,15,16,9,13,16,11,16,3,9,19,9,8,16,13,8,10,8,25,14,12,21,14,1,7,10,20,9,10,16,9,14,4,15,9,6,13,13,10,9,16,6,16,0,15,21,15,16,10,6,12,5,12,6,12,6,7,5,13,13,8,11,21,3,17,8,10,11,16,13,5,0,12,10,13,8,9,12,17,15,7,14,18,13,5,10,22,20,9,8,12,9,37,22,15,6,16,9,2,4,5,20,13,4,10
0.408,GFP,155,180,114,139,104,91,55,69,12386,8868,5829,5802,3855,2742,1871,2425,137,40,185,38,52,39,211,199,170,152,158,155,101,90,59,46,9662,8350,6420,7053,5571,4088,3188,2463,126,77,34,37,74,145,176,431,30,419,21,28,19,26,21,22,23,27,39,42,55,63,33,68,76,135,92,53,154,132,165,602,23,205,188,315,300,342,305,561,529,389,508,522,514,943,608,894,862,767,941,1053,1387,1668,2344,352,40,19,20,34,23,37,28,45,54,59,63,53,52,92,97,102,137,91,264,116,130,174,155,156,19,200,138,194,206,262,269,232,203,262,189,569,184,383,590,434,754,822,640,562,954,1308,1848,498,59,204,194,270,300,329,322,126,109,105,120,132,167,367,344,486,519,416,635,479,490,832,865,253,23,146,129,175,182,201,192,90,113,118,155,127,138,236,161,255,229,301,267,240,238,509,1922,736,24,119,129,189,152,177,198,93,98,109,85,121,105,176,184,219,199,207,233,206,164,325,489,373,25,37,105,119,121,137,78,75,113,74,93,74,86,128,119,160,165,146,142,147,134,228,207,19,24,15,14,9,18,21,13,15,13,9,15,12,14,19,19,10,11,6,11,1,15,12,15,12,17,11,16,7,12,15,11,7,6,11,10,12,3,9,6,14,11,6,7,20,5,5,10,5,4,16,12,10,11,6,12,14,16,6,19,11,6,12,6,11,14,3,5,14,13,8,16,7,12,6,1,6,6,21,6,6,8,4,11,17,16,8,13,17,8,9,13,19,11,11,17,2,15,19,17,18,12,15,0,17,10,16,12,11,14,15,10,10,17,7,8,12,11,9,13,3,12,12,7,6,5,21,19,11,5,23,0,18,17,9,15,9,12,12,7,12,16,8,12,7
0.450,GFP,155,171,118,146,112,94,59,65,12163,8696,5710,5804,3974,2792,1878,2469,123,36,201,19,51,55,212,201,163,152,159,165,109,91,63,48,9613,8315,6369,7002,5764,4108,3238,2527,132,93,30,28,73,153,182,423,27,420,25,36,28,23,14,21,27,26,33,39,60,69,44,76,88,156,93,76,177,144,163,599,26,211,197,363,341,377,340,629,575,429,572,586,574,1027,683,1022,953,882,1134,1179,1530,1859,2656,342,38,23,19,34,37,37,41,44,45,55,71,52,59,102,106,106,157,101,277,117,136,180,164,150,19,220,152,216,230,303,295,255,221,295,189,642,215,432,658,475,846,871,736,654,1120,1522,2151,508,73,202,185,280,309,341,326,127,113,123,128,142,186,384,346,444,525,405,638,482,506,940,865,252,26,141,130,176,194,204,199,103,112,125,176,147,147,265,174,270,231,302,280,245,247,534,1845,731,28,120,145,208,162,183,180,81,103,101,83,131,105,168,184,227,214,206,251,212,155,342,482,374,21,35,111,133,129,140,79,87,115,81,97,77,85,136,118,160,169,140,148,149,135,240,226,18,28,10,21,12,24,25,7,16,11,7,13,9,12,19,11,16,7,6,14,11,14,7,13,9,20,25,16,6,8,17,8,17,19,23,3,10,8,18,18,12,10,18,3,11,7,7,18,3,19,13,19,0,8,10,13,18,11,7,10,8,11,16,5,5,15,4,9,15,12,8,15,0,16,20,9,2,7,8,12,9,3,10,9,12,5,16,13,12,7,12,11,4,9,8,8,11,13,14,18,16,10,11,7,14,12,18,15,9,9,5,0,5,17,11,7,12,5,12,13,11,15,14,12,1,0,17,23,13,7,11,8,22,12,9,8,4,13,15,5,5,14,9,5,10
0.492,GFP,165,182,118,149,123,96,67,51,11982,8585,5635,5808,4121,2909,1881,2550,137,37,188,25,53,51,221,202,160,161,161,162,108,94,64,63,9631,8323,6316,6967,5904,4176,3267,2568,135,73,30,32,59,147,185,434,31,411,21,33,29,14,11,27,31,22,25,39,68,64,35,81,92,155,102,76,182,147,168,592,27,232,211,399,393,441,399,736,666,506,663,662,647,1120,798,1171,1102,1045,1233,1365,1713,2043,2835,350,29,34,27,43,32,54,44,51,63,70,79,71,60,109,101,125,156,105,280,126,152,192,170,164,7,236,163,244,248,345,325,272,244,352,222,715,209,507,712,567,933,960,838,783,1216,1767,2383,505,77,199,196,277,291,336,352,128,113,121,124,145,188,349,349,495,537,418,645,495,518,1017,867,261,30,134,142,176,201,207,199,100,117,133,173,155,156,314,188,269,252,299,273,262,268,538,1875,721,27,122,130,196,158,186,185,93,103,114,85,124,117,175,181,206,198,191,241,217,169,355,451,377,23,27,113,125,129,139,77,85,115,83,83,78,96,130,128,167,172,152,159,150,131,256,231,11,14,11,15,10,15,27,16,16,15,16,14,13,9,13,15,15,9,7,8,12,9,8,14,19,17,30,14,9,11,12,9,16,15,23,6,19,11,4,13,17,13,13,14,16,13,12,2,7,12,20,13,9,9,14,3,6,9,6,12,10,13,4,7,15,14,20,13,12,11,7,8,12,16,13,8,16,8,9,10,7,15,10,12,12,13,17,4,9,11,15,12,10,8,12,15,5,10,15,18,14,3,5,4,11,14,7,11,14,10,15,10,0,4,4,11,4,14,6,10,11,17,3,11,7,8,10,28,8,7,21,8,26,13,11,6,9,2,12,8,14,16,13,4,20
0.533,GFP,159,183,114,153,129,96,64,67,12015,8526,5596,5746,4246,3019,1885,2582,129,34,196,25,46,39,218,202,164,155,162,170,121,105,82,54,9692,8257,6249,6952,6036,4300,3333,2596,142,83,29,32,71,148,181,433,29,416,24,35,33,16,12,23,23,29,30,35,81,79,42,84,92,164,114,85,180,154,183,598,24,229,219,493,482,520,485,892,799,574,807,818,776,1247,999,1271,1262,1182,1408,1549,1910,2198,2983,352,18,25,31,41,39,50,39,48,53,74,72,62,68,122,120,122,170,116,284,123,159,189,177,155,15,227,165,271,283,380,374,319,278,395,240,846,254,580,814,673,1065,1048,979,968,1344,2003,2564,503,66,197,192,277,318,339,341,127,109,132,145,155,193,362,368,468,544,428,649,498,512,1057,873,258,19,138,141,176,187,215,206,92,108,122,201,154,160,391,177,275,232,301,273,274,289,543,1936,725,19,129,138,191,161,193,185,96,106,105,80,120,114,181,183,201,205,194,242,227,174,362,461,378,18,31,115,123,128,134,73,98,114,90,91,80,95,137,127,159,172,158,164,157,152,244,219,18,23,15,28,19,16,22,10,11,7,17,22,13,9,10,19,7,7,3,12,13,15,23,23,16,15,29,14,9,15,23,18,10,12,13,15,3,10,11,9,17,8,14,12,16,4,7,15,12,14,24,13,12,15,3,13,7,8,11,5,15,10,13,18,4,15,15,8,10,2,15,10,6,14,7,19,1,1,5,6,0,7,5,9,11,2,10,21,9,13,8,10,17,13,14,5,3,11,18,13,13,6,5,9,3,8,14,22,8,9,7,16,10,12,7,17,9,15,6,0,19,9,11,9,13,13,9,23,11,22,18,8,30,13,8,11,6,21,11,13,10,24,7,7,20
0.575,GFP,157,171,109,154,134,102,63,59,11878,8488,5540,5607,4353,3131,1907,2610,139,40,198,35,49,43,232,189,176,156,169,169,130,90,65,60,9684,8270,6212,6870,6124,4446,3372,2663,147,79,33,31,67,150,182,425,21,411,32,26,23,14,21,18,22,32,32,35,85,77,59,88,99,166,120,86,183,152,196,585,28,239,244,620,593,647,583,1100,1034,698,1048,1085,974,1399,1189,1435,1408,1418,1551,1763,2082,2287,2943,334,41,45,33,43,50,46,49,53,57,76,80,72,76,116,119,114,158,117,294,133,163,190,191,155,23,247,165,307,331,399,403,349,336,462,301,1009,283,677,985,832,1163,1149,1151,1110,1461,2253,2605,506,69,193,192,262,304,339,341,125,120,141,135,160,207,375,370,485,543,428,656,512,525,1030,872,257,20,143,139,176,187,215,220,103,125,145,200,154,166,492,198,298,241,307,279,280,274,540,1990,735,18,130,146,201,164,184,188,97,110,103,94,126,118,187,185,218,198,203,252,222,179,378,453,384,19,34,120,133,129,137,84,91,125,89,97,84,101,158,136,164,192,166,170,165,157,243,228,9,22,21,15,14,24,14,13,12,13,14,15,5,12,12,17,8,11,4,19,17,16,23,19,14,18,25,13,9,8,22,13,14,14,16,15,12,18,9,7,18,11,11,11,0,12,8,18,9,14,24,12,12,7,9,17,22,12,9,7,10,10,5,14,11,8,9,10,6,8,12,8,4,12,17,10,7,13,10,7,6,9,5,8,14,10,9,10,5,9,9,4,11,6,21,5,9,22,19,11,15,12,17,18,16,12,15,3,9,11,5,8,8,13,12,4,10,12,4,7,2,21,9,5,5,8,13,25,15,8,18,9,25,8,7,8,11,10,13,14,13,13,17,1,8
0.617,GFP,159,170,112,150,133,106,57,50,11935,8398,5460,5556,4436,3210,1917,2669,139,47,197,28,57,53,222,185,175,161,160,167,124,105,65,56,9762,8265,6179,6843,6155,4585,3408,2669,147,85,27,31,77,146,185,413,21,414,30,29,33,17,18,26,27,24,21,41,93,85,65,101,99,179,130,102,205,169,191,583,23,275,260,764,748,819,726,1346,1272,884,1330,1395,1210,1577,1371,1601,1620,1671,1724,1966,2224,2320,2802,340,33,38,42,41,46,47,51,56,56,78,77,71,76,131,122,131,173,128,295,139,168,207,187,154,26,247,173,349,349,421,439,431,413,526,364,1226,318,801,1214,975,1333,1269,1386,1352,1592,2529,2558,513,66,201,193,270,301,339,347,134,136,149,145,168,201,389,372,480,539,450,661,520,533,1009,884,252,24,143,162,179,181,215,216,109,128,138,249,156,173,618,208,317,256,309,274,290,302,552,1995,734,15,122,137,204,166,197,184,92,94,111,97,140,119,186,201,228,205,216,265,234,185,390,472,383,20,41,125,130,145,140,75,99,116,92,91,92,100,158,160,166,182,170,181,172,154,249,243,12,15,24,18,12,17,24,17,17,12,18,10,16,19,15,19,12,5,20,21,25,20,29,29,9,16,34,10,24,13,16,11,14,9,10,11,15,5,13,15,19,11,9,7,11,8,14,12,4,12,14,15,14,8,17,9,7,14,18,12,8,9,4,10,9,11,14,8,8,5,6,1,9,14,18,15,10,18,13,11,15,11,7,8,15,11,4,15,2,12,11,8,16,5,5,9,12,12,12,8,10,10,7,11,13,16,2,6,5,15,11,16,4,11,14,11,8,13,16,5,6,18,19,11,11,9,16,18,14,2,20,13,31,13,16,10,9,2,12,10,10,21,9,4,8
0.658,GFP,160,175,121,159,135,106,66,65,11956,8244,5350,5462,4440,3263,1912,2706,144,42,199,21,50,40,217,195,165,156,166,163,140,110,73,56,9817,8262,6102,6846,6220,4672,3447,2707,147,74,34,30,64,143,179,410,27,407,31,35,37,15,16,18,26,24,36,40,88,100,68,97,99,181,121,103,207,165,194,583,28,275,305,922,918,1056,901,1559,1492,1138,1574,1622,1437,1756,1655,1782,1854,1928,1897,2122,2270,2367,2730,330,28,38,32,42,55,58,59,56,60,71,83,89,87,124,124,139,177,115,299,143,173,194,192,145,18,257,181,390,368,453,489,545,516,601,433,1518,337,996,1361,1175,1542,1432,1637,1701,1706,2695,2471,508,72,199,192,268,300,345,362,127,149,161,145,173,211,400,384,486,541,458,663,521,532,989,896,260,12,143,181,182,191,224,224,114,129,159,286,178,184,792,229,330,259,319,294,296,302,559,2017,738,19,128,139,204,164,198,186,96,100,119,108,139,116,190,187,215,208,219,256,236,201,399,464,373,24,46,123,133,142,140,73,99,124,93,93,108,104,154,172,173,179,172,178,179,168,259,245,20,16,15,14,10,14,19,22,13,11,9,15,19,7,9,11,14,12,10,20,30,21,49,36,5,22,34,15,12,2,9,14,13,11,22,5,5,14,4,10,13,9,4,20,11,8,9,8,6,7,8,10,10,22,8,11,10,15,15,9,0,9,12,8,19,15,14,13,10,7,6,10,13,4,20,16,11,5,11,10,6,7,4,0,10,11,13,12,8,11,10,16,11,5,8,10,0,12,11,13,9,13,5,10,16,9,12,13,9,7,6,14,9,5,10,14,12,3,17,9,19,19,10,12,0,0,9,17,4,3,15,24,26,16,12,1,15,4,10,10,2,24,3,12,12
0.700,GFP,166,171,116,153,142,115,62,71,12069,8214,5298,5381,4477,3332,1945,2723,135,41,199,34,50,47,226,180,178,148,154,166,135,116,63,56,9873,8239,6054,6729,6196,4754,3526,2698,152,78,24,32,69,139,188,408,25,427,46,39,35,19,28,16,29,26,33,32,95,98,69,117,105,187,132,98,202,162,196,583,22,301,352,1063,1055,1266,1106,1724,1663,1417,1821,1905,1710,1889,1870,1920,2032,2150,1993,2164,2252,2396,2665,328,41,35,39,48,54,58,56,51,66,75,91,85,75,123,129,135,187,126,298,148,173,200,189,144,19,261,185,423,361,464,584,710,679,767,497,1776,356,1244,1601,1400,1823,1558,1852,2030,1784,2823,2385,499,62,201,195,277,302,351,356,135,166,172,144,199,212,383,402,520,558,460,669,531,535,1013,909,258,20,151,206,176,191,230,225,114,143,161,333,187,185,965,247,353,260,327,290,303,309,576,1998,731,20,138,146,205,169,212,194,101,102,109,105,144,119,190,198,229,211,219,269,241,197,410,487,371,29,40,118,146,146,144,86,97,125,101,97,105,105,158,179,172,184,183,196,196,159,259,251,10,12,25,17,16,15,17,14,21,14,12,20,15,19,15,20,12,15,18,32,39,43,67,62,22,19,24,17,11,6,20,13,18,4,12,11,12,9,6,15,16,4,16,22,11,11,3,15,6,11,16,10,18,17,8,9,11,5,15,12,9,10,13,13,15,11,19,12,0,13,5,6,5,11,14,13,5,9,6,2,22,10,17,8,13,16,5,10,8,10,11,7,10,4,2,3,9,14,12,14,5,2,13,4,14,8,9,7,9,17,14,6,0,2,19,10,11,9,15,5,7,19,9,17,9,8,18,18,10,9,20,8,23,10,8,13,8,9,12,10,1,15,6,0,4
0.742,GFP,157,169,109,146,147,119,65,63,12202,8101,5209,5277,4476,3407,1957,2768,142,48,195,22,52,54,219,180,170,148,147,161,139,123,72,56,9963,8271,6017,6680,6143,4815,3597,2686,148,81,32,42,63,143,186,401,22,411,35,41,41,22,37,28,26,37,31,34,94,101,73,112,113,181,126,112,212,162,188,567,33,317,454,1148,1168,1430,1287,1840,1787,1658,2144,2167,1937,1946,2065,2003,2211,2253,2085,2168,2211,2420,2666,323,32,29,40,45,54,55,53,49,63,81,81,86,88,135,131,140,183,127,303,142,170,199,190,149,20,254,197,447,339,478,682,911,887,961,559,1976,361,1505,1699,1645,2033,1656,1983,2172,1778,2825,2377,486,69,204,210,271,304,354,366,141,194,196,153,199,213,389,414,502,552,464,698,530,548,1014,913,259,15,160,286,172,198,239,240,104,136,162,382,195,194,1147,258,359,275,327,300,295,314,589,2000,723,25,136,151,208,151,226,199,93,102,108,99,149,122,199,200,228,217,225,274,245,197,429,478,364,7,42,135,135,140,153,90,87,138,98,97,104,111,161,194,188,191,172,184,191,164,257,241,15,13,24,16,20,19,11,6,9,21,12,24,17,21,24,20,17,27,40,46,51,53,71,66,20,27,26,11,14,15,11,12,14,12,13,5,17,10,7,9,10,20,9,6,11,6,10,10,11,8,17,12,9,10,6,3,11,1,18,10,8,9,9,9,12,10,13,11,3,6,2,15,14,17,12,11,9,3,16,7,2,20,11,8,15,6,9,16,17,6,13,8,9,16,13,8,3,9,8,9,12,13,0,12,13,6,13,5,12,10,10,9,10,13,7,9,10,9,11,2,7,14,12,23,13,14,14,19,7,6,13,11,25,21,13,4,2,16,7,3,13,29,12,6,6
0.783,GFP,158,172,112,142,148,121,61,67,12272,8060,5137,5200,4446,3450,1957,2746,143,46,194,23,52,51,217,168,187,149,158,164,146,119,71,60,10049,8232,5930,6617,6115,4837,3647,2707,151,72,23,29,62,144,179,393,23,408,40,38,41,23,25,33,26,32,31,38,103,97,79,122,120,184,136,119,201,158,186,562,24,339,520,1220,1289,1604,1439,1929,1891,1866,2297,2322,2083,1979,2185,2062,2321,2289,2113,2096,2203,2462,2665,322,27,34,46,43,50,60,60,47,64,82,87,86,90,132,127,148,175,134,310,149,172,201,182,144,21,249,208,517,348,503,824,1149,1141,1222,626,2140,369,1755,1780,1840,2199,1725,1987,2117,1743,2851,2371,487,71,218,233,266,305,364,366,144,212,201,164,213,223,400,413,511,571,468,695,532,542,1012,934,244,19,172,382,179,221,253,267,111,141,166,423,191,187,1295,286,365,271,347,300,309,311,598,1988,702,19,138,157,210,175,247,208,97,114,117,103,146,118,199,214,245,225,222,277,244,196,432,480,360,,,,,,,,,,,,,,,,,,,,,,,,,,,,,,,,,,,,,,,,,,,,,,,,,,,,,,,,,,,,,,,,,,,,,,,,,,,,,,,,,,,,,,,,,,,,,,,,,,,,,,,,,,,,,,,,,,,,,,,,,,,,,,,,,,,,,,,,,,,,,,,,,,,,,,,,,,,,,,,,,,,,,,,,